CustomerID,NameStyle,Title,FirstName,MiddleName,LastName,Suffix,CompanyName,SalesPerson,EmailAddress,Phone,PasswordHash,PasswordSalt,rowguid
1,FALSE,Mr.,Orlando,N.,Gee,,A Bike Store,adventure-works\pamela0,orlando0@adventure-works.com,245-555-0173,L/Rlwxzp4w7RWmEgXX+/A7cXaePEPcp+KwQhl2fJL7w=,1KjXYs4=,3f5ae95e-b87d-4aed-95b4-c3797afcb74f
2,FALSE,Mr.,Keith,,Harris,,Progressive Sports,adventure-works\david8,keith0@adventure-works.com,170-555-0127,YPdtRdvqeAhj6wyxEsFdshBDNXxkCXn+CRgbvJItknw=,fs1ZGhY=,e552f657-a9af-4a7d-a645-c429d6e02491
3,FALSE,Ms.,Donna,F.,Carreras,,Advanced Bike Components,adventure-works\jillian0,donna0@adventure-works.com,279-555-0130,LNoK27abGQo48gGue3EBV/UrlYSToV0/s87dCRV7uJk=,YTNH5Rw=,130774b1-db21-4ef3-98c8-c104bcd6ed6d
4,FALSE,Ms.,Janet,M.,Gates,,Modular Cycle Systems,adventure-works\jillian0,janet1@adventure-works.com,710-555-0173,ElzTpSNbUW1Ut+L5cWlfR7MF6nBZia8WpmGaQPjLOJA=,nm7D5e4=,ff862851-1daa-4044-be7c-3e85583c054d
5,FALSE,Mr.,Lucy,,Harrington,,Metropolitan Sports Supply,adventure-works\shu0,lucy0@adventure-works.com,828-555-0186,KJqV15wsX3PG8TS5GSddp6LFFVdd3CoRftZM/tP0+R4=,cNFKU4w=,83905bdc-6f5e-4f71-b162-c98da069f38a
6,FALSE,Ms.,Rosmarie,J.,Carroll,,Aerobic Exercise Company,adventure-works\linda3,rosmarie0@adventure-works.com,244-555-0112,OKT0scizCdIzymHHOtyJKQiC/fCILSooSZ8dQ2Y34VM=,ihWf50M=,1a92df88-bfa2-467d-bd54-fcb9e647fdd7
7,FALSE,Mr.,Dominic,P.,Gash,,Associated Bikes,adventure-works\shu0,dominic0@adventure-works.com,192-555-0173,ZccoP/jZGQm+Xpzc7RKwDhS11YFNybwcPVRYTSNcnSg=,sPoUBSQ=,03e9273e-b193-448e-9823-fe0c44aeed78
10,FALSE,Ms.,Kathleen,M.,Garza,,Rural Cycle Emporium,adventure-works\josé1,kathleen0@adventure-works.com,150-555-0127,Qa3aMCxNbVLGrc0b99KsbQqiVgwYDfHcsK9GZSUxcTM=,Ls05W3g=,cdb6698d-2ff1-4fba-8f22-60ad1d11dabd
11,FALSE,Ms.,Katherine,,Harding,,Sharp Bikes,adventure-works\josé1,katherine0@adventure-works.com,926-555-0159,uRlorVzDGNJIX9I+ehTlRK+liT4UKRgWhApJgUMC2d4=,jpHKbqE=,750f3495-59c4-48a0-80e1-e37ec60e77d9
12,FALSE,Mr.,Johnny,A.,Caprio,Jr.,Bikes and Motorbikes,adventure-works\garrett1,johnny0@adventure-works.com,112-555-0191,jtF9jBoFYeJTaET7x+eJDkd7BzMz15Wo9odbGPBaIak=,wVLnvHo=,947bcaf1-1f32-44f3-b9c3-0011f95fbe54
16,FALSE,Mr.,Christopher,R.,Beck,Jr.,Bulk Discount Store,adventure-works\jae0,christopher1@adventure-works.com,1 (11) 500 555-0132,sKt9daCzEEKWAzivEGPOp8tmaM1R3I+aJfcBjzJRFLo=,8KfYx/4=,c9381589-d31c-4efe-8978-8d3449eb1f0f
18,FALSE,Mr.,David,J.,Liu,,Catalog Store,adventure-works\michael9,david20@adventure-works.com,440-555-0132,61zeTkO+eI5g8GG0swny8Wp/6GzZMFnT71fnW4lTHNY=,c7Ttvv0=,c04d6b4d-94c6-4c5c-a44c-b449c0ac1b45
19,FALSE,Mr.,John,A.,Beaver,,Center Cycle Shop,adventure-works\pamela0,john8@adventure-works.com,521-555-0195,DzbqWX7B3EK5Dub92CKHYSUGKGbZCbrcVDpVe/xyBeI=,zXNgrJw=,69ae5d43-31be-4b76-bfbb-5a23c4788bbc
20,FALSE,Ms.,Jean,P.,Handley,,Central Discount Store,adventure-works\david8,jean1@adventure-works.com,582-555-0113,o1GVo3vExeNzo0/ctdRGf2eDK3uzTlcUbr18tN+Slf8=,uMsvfdo=,e010c10a-f1c3-4bba-81ca-a7e083350400
21,FALSE,,Jinghao,,Liu,,Chic Department Stores,adventure-works\jillian0,jinghao1@adventure-works.com,928-555-0116,IaD5AeqK9mRiIrJi/etZGVO6EiybLf/oksA2CqrpoJ0=,p6pOqKc=,564e0b42-4609-43de-9881-914da433d82d
22,FALSE,Ms.,Linda,E.,Burnett,,Travel Systems,adventure-works\jillian0,linda4@adventure-works.com,121-555-0121,23AwhujCoXYSPiN/B+G8Z9rk36xl35EbdLT7akTMTqU=,SmyIPjE=,9774aed6-d673-412d-b481-2573e470b478
23,FALSE,Mr.,Kerim,,Hanif,,Bike World,adventure-works\shu0,kerim0@adventure-works.com,216-555-0122,d0WSjosAd7Y3XOWjNAkoTClCb50vwPuAawOSI1iosgs=,33g5co8=,733f8250-3251-4c2a-8c85-c285bb76b7b4
24,FALSE,Mr.,Kevin,,Liu,,Eastside Department Store,adventure-works\linda3,kevin5@adventure-works.com,926-555-0164,ylTpkIOHKLcjihNjS0j/k10eOHOsWQMNhlbuOCp+UTY=,TgZnUOg=,c111e51d-178d-4dbd-a6ff-f1ccbf4b1aad
25,FALSE,Mr.,Donald,L.,Blanton,,Coalition Bike Company,adventure-works\shu0,donald0@adventure-works.com,357-555-0161,pKYDelLBOZMO98GBzhMxBSzzE0gUYKx9dXzYTYNuBgw=,jKtOaOw=,31d03546-fb2a-4488-890e-4709a659e3f0
28,FALSE,Ms.,Jackie,E.,Blackwell,,Commuter Bicycle Store,adventure-works\josé1,jackie0@adventure-works.com,972-555-0163,wqhgKfOTfef4Zo3cb6FwsFzvG/yCVstuYh3AuwjRszQ=,SZ+r60o=,9b8a04a4-d909-4f49-b1c5-3de317d69b2a
29,FALSE,Mr.,Bryan,,Hamilton,,Cross-Country Riding Supplies,adventure-works\josé1,bryan2@adventure-works.com,344-555-0144,ftRWIIT4oF+if+ddn1ROYXHw6PAooKFX3uALZ0uEU98=,IRNPDIw=,eca7c8fa-490b-4b97-9c32-043c90f789e8
30,FALSE,Mr.,Todd,R.,Logan,,Cycle Merchants,adventure-works\garrett1,todd0@adventure-works.com,783-555-0110,FV6z03ywMJOumcU+TEoL/Z/s4YP2fe8B3MJUUTA0CHU=,mFRhaEg=,2b15dfb1-831e-49e7-b337-395798b129e7
34,FALSE,Ms.,Barbara,J.,German,,Cycles Wholesaler & Mfg.,adventure-works\jae0,barbara4@adventure-works.com,1 (11) 500 555-0181,2Pyd3S3Os61yt+lfSjMgSDNwT1LL4Qs51m1ob42We40=,Jvsxxrg=,9edda794-7862-4ff4-b8e2-528847cab2bd
37,FALSE,Mr.,Jim,,Geist,,Two Bike Shops,adventure-works\pamela0,jim1@adventure-works.com,724-555-0161,cvqeC4fJcKwJ9jlluiWvK5/MyuSi8neLnjFDGdvzJy4=,ot8WcXk=,c6ebb29a-cc67-459c-90e3-339e0f912906
38,FALSE,Ms.,Betty,M.,Haines,,Finer Mart,adventure-works\david8,betty0@adventure-works.com,867-555-0114,Q/nGAVzOO1ZT/4+BQ1kwltqQyzycLA2GGmDmBBxLMnM=,6IvcbVg=,e5eda3f3-4ef1-4806-bd36-e61f3cb2e044
39,FALSE,Ms.,Sharon,J.,Looney,,Fitness Hotel,adventure-works\jillian0,sharon2@adventure-works.com,377-555-0132,Uo3kAuNh936QfPTIfPt6I6Z3+olLMRu5IC5awuzDaG8=,uHgb0IU=,6808b1ed-3c9a-401d-b284-9ac31166d9eb
40,FALSE,Mr.,Darren,,Gehring,,Journey Sporting Goods,adventure-works\jillian0,darren0@adventure-works.com,417-555-0182,kqptixZ7LqTuOKcc7ylpabWrgWr5BDXa2fpkDxEwaCY=,Xe7grug=,aa5e28f6-16c8-4d80-894e-17531f2cf972
41,FALSE,Ms.,Erin,M.,Hagens,,Distant Inn,adventure-works\shu0,erin1@adventure-works.com,244-555-0127,92Sfw/bl0dUJO9SAfoKn452VJcstSo2lgAbSPk97nRA=,8soIcx8=,e1ba20ed-da19-4392-a8a8-c2e670438ffb
42,FALSE,Mr.,Jeremy,,Los,,Healthy Activity Store,adventure-works\linda3,jeremy0@adventure-works.com,911-555-0165,jLMkpmNutZFzWw7sSWZeqd91vtlRwaWx2Ub21mhsvlU=,JK9/WX8=,64acd300-337d-4d39-a2c4-fd5972611934
43,FALSE,Ms.,Elsa,,Leavitt,,Frugal Bike Shop,adventure-works\shu0,elsa0@adventure-works.com,482-555-0174,BmJaM+147GrhU00kNTtaTolp0EJcarJK/SCfew4ZiYA=,YADhpPo=,9e449d3e-5d79-4f65-a4f1-10dd3b0e0766
46,FALSE,Mr.,David,O,Lawrence,,Gear-Shift Bikes Limited,adventure-works\josé1,david19@adventure-works.com,653-555-0159,HyZexVTTLfKfhx/Sb+XHQb4vta2LC1FD3OYIkpmzMlQ=,/kc6RdY=,21849ecf-88c2-4574-89d5-397b84df1d0f
47,FALSE,Ms.,Hattie,J.,Haemon,,Greater Bike Store,adventure-works\josé1,hattie0@adventure-works.com,141-555-0172,RLemw98UkhyklI9z6Kx01t3fpE6z6E9v5GdRReTdOIY=,8n38uVg=,0d9abe85-d952-432d-831a-8beb7f4e49d0
48,FALSE,Ms.,Anita,R.,Lucerne,,Grand Industries,adventure-works\garrett1,anita0@adventure-works.com,164-555-0118,YYTwMHBzX9ZM2XoYAzTo7bVfsHm05BO3Sl1+sokcRjM=,Zb6O1a0=,e656589a-198f-454f-b02f-9ce324457bdf
52,FALSE,Ms.,Rebecca,,Laszlo,,Instruments and Parts Company,adventure-works\jae0,rebecca2@adventure-works.com,1 (11) 500 555-0155,ox4SPBzzVPKyCVoIcZvkdVLtnQlKoDXCciBGcqVAfrI=,n7ydrrc=,8fb34b30-b19d-4aec-b02e-f1be942800e5
55,FALSE,Mr.,Eric,,Lang,,Kickstands and Accessories Company,adventure-works\pamela0,eric6@adventure-works.com,932-555-0163,katp5sn21ZqJq5Z26YRBk9XXP3iFjpsX7tNPYAAxZlI=,xw9RymE=,f5d3997b-ad06-46a0-94af-a4460f4be471
56,FALSE,Mr.,Brian,,Groth,,Latest Accessories Sales,adventure-works\david8,brian5@adventure-works.com,461-555-0118,tbk7TwAC5jsqEhFRRIhnL9kPBoTy3XS+EjlReKVp5mw=,hpOsvJU=,570b1682-9bb1-4359-984d-8f728e3d6973
57,FALSE,Ms.,Judy,R.,Lundahl,,Leading Sales & Repair,adventure-works\jillian0,judy1@adventure-works.com,260-555-0130,VzG/BDjkh2mMWAn2eZ/FQDI5/pGurtzdCfxTaCf6zAs=,N5Ajt+s=,7ff17923-e670-4f42-87a3-a6d1af18ea05
58,FALSE,Mr.,Peter,,Kurniawan,,Largest Bike Store,adventure-works\jillian0,peter4@adventure-works.com,436-555-0160,el1s9e+hWeb+79bwrhU+hxHEyJN+j6tR8vWyKJDZmTs=,QgzjTPU=,e324fee8-1ee7-4b96-854e-cfda7b0cbbc8
59,FALSE,Mr.,Douglas,,Groncki,,Locks Company,adventure-works\shu0,douglas2@adventure-works.com,385-555-0140,J9nhrWh6kpc/dGBkN7HRxrrbquy1Rit9UMPv9rbYjBs=,KiAAI5M=,60708606-604c-44be-90e1-3a0925b8060e
60,FALSE,Mr.,Sean,J.,Lunt,,Main Bicycle Services,adventure-works\linda3,sean4@adventure-works.com,183-555-0111,NCIEHFdWOrgXFDd6SE817buY5XNWSBCQZlOsgOGIP2E=,eK6Wzw0=,a029f31e-433b-4fa4-b442-b291d16a1b9f
61,FALSE,Mr.,Jeffrey,,Kurtz,,Many Bikes Store,adventure-works\shu0,jeffrey3@adventure-works.com,452-555-0179,zn3Nk0+i/zyvxFNh3OziN2Pxa3NfiIlVMJ9Ox86ytao=,5MZXwF4=,ccc53b43-66a6-47f6-a38e-5dd7cfafeaa6
64,FALSE,Mr.,Vamsi,,Kuppa,,Metal Clearing House,adventure-works\josé1,vamsi1@adventure-works.com,290-555-0196,6p4SZnWdWPrBclHkaWFeooblNWE+Y4VJiuTM9hyonDI=,HaDRSbY=,e6b6f92d-4ac6-4bc7-bf6b-2f3c67498de7
65,FALSE,Ms.,Jane,P.,Greer,,Metro Manufacturing,adventure-works\josé1,jane2@adventure-works.com,737-555-0163,gCWE10xc3haq9E82Ksvg2GS6WBBD0H0ZF25YAS0CfJ8=,qxbTTkE=,7e082443-8af6-4bb6-a0f5-1586271d1f2c
66,FALSE,Mr.,Alexander,J.,Deborde,,Neighborhood Store,adventure-works\garrett1,alexander1@adventure-works.com,394-555-0176,QC+He1HXF5uNbU5XqduVyZW0SlvdnAE2jhuD/06ukjE=,Uifpoxw=,e91e0048-9a25-489b-96c1-d726da68fb7c
70,FALSE,Mr.,Deepak,,Kumar,,Outdoor Aerobic Systems Company,adventure-works\jae0,deepak0@adventure-works.com,1 (11) 500 555-0122,0d3F0pfNxXFKEufM738j3/fA0at2eUlZA8ibqRnMr7M=,6fOTb8g=,89e10b04-064e-4313-8203-91fa98a01b11
73,FALSE,Ms.,Margaret,T.,Krupka,,Outdoor Sports Supply,adventure-works\pamela0,margaret1@adventure-works.com,107-555-0132,dI+A6Ikk6Eh9ypKYxrAEHGdSxjzUhy8bEyDdFjggW9g=,09k9Tis=,9d5c135e-bd60-46e0-b371-843391637827
74,FALSE,Mr.,Christopher,M.,Bright,,Parcel Express Delivery Service,adventure-works\david8,christopher2@adventure-works.com,162-555-0166,jIw8zSChmDX3xmVInKUV46U77LBgW9C5vlIMvK4NqF8=,J9DNyhU=,73485e57-076d-4b10-bb48-6043dd873582
75,FALSE,Ms.,Aidan,,Delaney,,Paint Supply,adventure-works\jillian0,aidan0@adventure-works.com,358-555-0188,6lcVqEc4gGgfW6DsOks/KuDIWIP5qFsrc8sXtmcwj6E=,DKu7/UM=,55cfed0e-1a7b-409c-9aff-297065965870
76,FALSE,Mr.,James,J.,Krow,,Out-of-the-Way Hotels,adventure-works\jillian0,james11@adventure-works.com,265-555-0190,I2HiduC1LR4LnxkLk1SFZ0OCyPveKfbQ6Q4mjKnPiyA=,PJEpZaA=,5227d299-b05e-4d6c-a1c9-da63154869ba
77,FALSE,Mr.,Michael,,Brundage,,Mechanical Products Ltd.,adventure-works\shu0,michael13@adventure-works.com,128-555-0148,Ioh5Ss2cXrUAI8DZcSkQ/z92aEmHE0Wxqc6MdggjJQE=,MjQeaAE=,b3f9113c-8fce-47e1-9f04-38a0c68917c6
78,FALSE,Mr.,Stefan,,Delmarco,,Preferred Bikes,adventure-works\linda3,stefan0@adventure-works.com,819-555-0186,9rOycZRxDntXWB8Y/285x4HS6G2ATNOzhqIhF+oBGqc=,BsI2IB4=,8c8083ab-7943-44fa-b1ad-8e3abd5d66ee
79,FALSE,Mr.,Mitch,,Kennedy,,Reasonable Bicycle Sales,adventure-works\shu0,mitch0@adventure-works.com,996-555-0192,Re4KikAJLZeLX+pM2Bw7HZNkd5Yyd/vrGB7WhjbYmCo=,lGI5cA0=,010d8aa6-ceba-4097-9e67-3b2a9674fd5f
82,FALSE,Mr.,James,D.,Kramer,,Refined Department Stores,adventure-works\josé1,james10@adventure-works.com,814-555-0130,8x6bpv0tFDausfY5Z8RQwPKRz3E+N1BszPMzVAsq5kg=,5NcSbeg=,92618ece-2254-4852-b3b3-46ed2e0e3e1a
83,FALSE,Mr.,Eric,J.,Brumfield,,Requisite Part Supply,adventure-works\josé1,eric3@adventure-works.com,644-555-0114,pd7lPYE+Gn7QnX4l6aMxG6WiRZGpPVsBcJ1kBpXl7pc=,MAOhXKA=,8e01f170-64d3-4b74-82e1-d1691ae9f37c
84,FALSE,Ms.,Della,F.,Demott Jr,,Rewarding Activities Company,adventure-works\garrett1,della0@adventure-works.com,752-555-0185,oR9ACW0ZX4v6zBa57CfhePKM1qmHjgDwNdGaTDAp4io=,966Lz4w=,45a614ce-3137-4a12-8296-24048c18f320
88,FALSE,Ms.,Pamala,M.,Kotc,,Closest Bicycle Store,adventure-works\jae0,pamala0@adventure-works.com,1 (11) 500 555-0173,3nXek8BFNaBhIi8CwSzQOVdo1ZthphI3kGbZTrt6jNM=,/rh9tFs=,11feda31-15b6-4f08-9357-355371d4d928
91,FALSE,Ms.,Joy,R.,Koski,,Scooters and Bikes Store,adventure-works\pamela0,joy0@adventure-works.com,810-555-0198,tTeR7tEh6XEQtr0WQ2eXrHrqjsOt2mdihjWZ3c4q50s=,IrqLpXQ=,9f314fc3-9644-4412-a90a-5483f75f665b
92,FALSE,Ms.,Jovita,A.,Carmody,,Sports Commodities,adventure-works\david8,jovita0@adventure-works.com,646-555-0137,d3uGruCihzt7+Dipsh3+fE3iZd/uKCf8sy56xa5chxU=,zmqmiAQ=,672412c3-5d5d-488b-b176-e3dafad05d70
93,FALSE,Mr.,Prashanth,,Desai,,Stationary Bikes and Stands,adventure-works\jillian0,prashanth0@adventure-works.com,138-555-0156,AT0SeSL9gTlDL0/MHFMEy5GrEjR12DBF5ag/cyHZpJY=,l32Vf08=,249b42c2-8eae-49f1-a560-a90837748654
94,FALSE,Mr.,Scott,,Konersmann,,Specialty Sports Store,adventure-works\jillian0,scott6@adventure-works.com,556-555-0192,2WMJfIzZjrB1xeQtjtSTUQfxxeowOV9LmAjmUkH/qP4=,A+rOrG0=,65be08da-dfb7-4bc8-aa5c-fad98b82524e
95,FALSE,Ms.,Jane,N.,Carmichael,,Rural Department Store,adventure-works\shu0,jane0@adventure-works.com,716-555-0167,ZIXjFmD2T/Gf9bPHIkx7X82eU+I86/8p3rmYxWqwtkQ=,BUBjqIQ=,ea0bc621-9466-4f04-bbff-3b361c6f9057
96,FALSE,Ms.,Bonnie,B.,Lepro,,More Bikes!,adventure-works\linda3,bonnie2@adventure-works.com,354-555-0130,QFcESEnv3fd3s0KxftaNIRbKv6ba7PNXWLVrlx/mrF4=,WVm7PpY=,bac5b4da-00b0-4bf1-816a-1e39f676bf9b
97,FALSE,Mr.,Eugene,,Kogan,,Mountain Bike Center,adventure-works\shu0,eugene2@adventure-works.com,136-555-0134,Tp1Zre+rOA0pmlkyosHvuAxhbMWt7UcvCPrAYmXyI+w=,GdsdWsk=,355eb5d8-6b4c-4fff-b12b-40f89ca4e31d
100,FALSE,Mr.,Kirk,T,King,,Up-To-Date Sports,adventure-works\josé1,kirk2@adventure-works.com,979-555-0163,056V7iOc8FPUiLanlyEqQX6cAWuL0TJ8fQBhX7mEjMU=,b96sfSU=,e789f6dd-3159-4ddc-81a8-8571c571656e
101,FALSE,Mr.,William,J.,Conner,,Urban Sports Emporium,adventure-works\josé1,william1@adventure-works.com,383-555-0111,GZyRS1qyQMxNWXYf0B1uj2nyQjhk4oN+Qv3geEMUy5A=,94SS2WQ=,67ad4f37-2467-4438-a749-d947beec3a92
102,FALSE,Ms.,Linda,,Leste,,National Manufacturing,adventure-works\garrett1,linda7@adventure-works.com,493-555-0134,heRwLFQMae6Y0X7+Q7tLrq4gB5sXd8jC7uiIjXlEs6Y=,OHu+9rc=,959cf74b-1004-43f5-9ab7-4cdd482c847d
106,FALSE,Ms.,Andrea,A.,Thomsen,,West Side Mart,adventure-works\jae0,andrea1@adventure-works.com,1 (11) 500 555-0120,LDoJwsGCFLtxVdbdQBbN/to7zFF1skP+hWLrIrCxvAw=,NuexV8w=,aafbf7d5-8759-4962-9deb-77c6e22875f4
109,FALSE,Mr.,Daniel,P.,Thompson,,Travel Sports,adventure-works\pamela0,daniel2@adventure-works.com,247-555-0197,DgTXKBbRFAv0jGUCn8yCPgnYQP1JhhVioFj9E1gXCS8=,jcMXc0w=,7585790b-6034-4520-a383-9fa1e8b3e76e
110,FALSE,Ms.,Kendra,N.,Thompson,,Vintage Sport Boutique,adventure-works\david8,kendra0@adventure-works.com,464-555-0188,dBvr8YSJ5D5BzBQ6uCOKmYVG2wDeIf97H4Jh3ePPYHM=,IS71rL8=,82c2f3f0-63b8-46cc-aedc-3a856956ef04
111,FALSE,Mr.,Scott,A.,Colvin,,Westside Cycle Store,adventure-works\jillian0,scott1@adventure-works.com,119-555-0144,4QoOmH+4/mabhuXqIQnoVm+1MjvTYyAHid9vpNehSxs=,sA8S2v4=,0122151a-9140-4663-a3eb-a442d88bc1bb
112,FALSE,Ms.,Elsie,L.,Lewin,,Town Industries,adventure-works\jillian0,elsie0@adventure-works.com,803-555-0116,sbrtAXJY79C5nTfNaktfR5zn9+uSLMSL26NETFSeEas=,UUwXzgY=,5035e4d6-3758-4fa6-a462-2e2ecf52e6f0
113,FALSE,Mr.,Donald,M.,Thompson,,Trendy Department Stores,adventure-works\shu0,donald1@adventure-works.com,273-555-0111,HfjBjq3HyrYM/vkKe/z2JUvmTeROuQWy7ntzIG/uTNk=,ke7sTgo=,8a84966c-5d38-41ca-990f-ad107558a6b8
114,FALSE,Mr.,John,L.,Colon,,Two Wheels Cycle Store,adventure-works\linda3,john14@adventure-works.com,397-555-0144,9HEZAYB77VjHRd83ZDP94/ugDP0PhvUiIRCi3Cl5y7A=,j6Z6ny8=,bcc5ae61-8214-44a1-a43c-fbd65c3745ae
115,FALSE,Mr.,George,Z.,Li,,Security Racks and Locks Wholesalers,adventure-works\shu0,george3@adventure-works.com,699-555-0183,y3YyySPHg7l+/+LZkIFmyZ7gE+BOIOdPEq+t+oE093g=,4m5UYgM=,080f7047-8396-4cec-ab43-56cf41de4e00
118,FALSE,Mr.,Yale,,Li,,Rapid Bikes,adventure-works\josé1,yale0@adventure-works.com,316-555-0138,B2RR480ridZSqURXY3APlxFk13GITW6LDFutGbpSUIs=,5MEUKYU=,5feafbd2-4a43-4641-8e94-b3059b2a882e
119,FALSE,Ms.,Phyllis,A.,Thomas,,Red Bicycle Company,adventure-works\josé1,phyllis2@adventure-works.com,667-555-0112,hAXpzsxtYdB4R3XMc08m98BwHHvL0+J6J+y0u7B1ngg=,ycYA+jA=,d13245ef-8267-4cb4-87c9-c23155d33e93
120,FALSE,Mr.,Pat,,Coleman,,Machines & Cycles Store,adventure-works\garrett1,pat2@adventure-works.com,292-555-0128,61UcbVZnGT5eqxs0oFMv4JyipeaQCUZgUZkPgtVNBDo=,7+I+4k4=,25863c18-4c9a-4bc9-be0d-95f4cf67bf7d
124,FALSE,Ms.,Yuhong,,Li,,Nearby Sporting Goods,adventure-works\jae0,yuhong1@adventure-works.com,1 (11) 500 555-0176,XrcuygOte7eGdTleJOKDmf/XBySqc/0xVbjpIPzMWQA=,R273GbA=,2f614c31-abae-42d0-820b-193f0ddc811e
127,FALSE,Mr.,Joseph,M.,Lique,,Front Sporting Goods,adventure-works\pamela0,joseph2@adventure-works.com,119-555-0195,7dnLSdRuWFKBMjmORanIkwGVy3smf5yZI3YxSSyd5/U=,jH5dJh4=,ef55103f-acc7-4bfd-89b1-20a04845e706
128,FALSE,Ms.,Judy,J.,Thames,,Demand Distributors,adventure-works\david8,judy3@adventure-works.com,799-555-0118,BXs/jMkqmCMJn6V9vWS+iM7P+R0MGu2nmP4SLrJrYCg=,OSnERUk=,03f73e74-8de5-421e-b5af-04b259268dd6
129,FALSE,Ms.,Connie,L.,Coffman,,Discount Bicycle Specialists,adventure-works\jillian0,connie0@adventure-works.com,426-555-0181,Wkqdm53a0uim7B/e9+IT0I81uzxMNnh1FBaeXd3nyP0=,3tT/ffQ=,e03db34c-bf17-407d-9423-fa22dbfdd292
130,FALSE,Mr.,Paulo,H.,Lisboa,,Elite Bikes,adventure-works\jillian0,paulo0@adventure-works.com,380-555-0116,MO2kc8uiSARHp+gxFShJchORmBfhfAz+NC31TDVciS8=,QXbFwBQ=,606ecdc2-6443-4e4b-897f-32d4c17ab894
131,FALSE,Ms.,Vanessa,J.,Tench,,Eighth Bike Store,adventure-works\shu0,vanessa0@adventure-works.com,785-555-0163,qnzSZKGLMJiDzrH9h5VfDojb/pTtQKfZNc7nW7qzQ90=,dPOi278=,ed0df7cc-6234-4d60-8b81-315c019f5356
132,FALSE,Ms.,Teanna,M.,Cobb,,Another Sporting Goods Company,adventure-works\linda3,teanna0@adventure-works.com,661-555-0168,oDFb9hjhU08th9xeH9bRAY/U7JJTdaLY9NiegJj3vzk=,60Z0AcQ=,7649e8af-3dab-43aa-b7df-9776f84dfb71
133,FALSE,Mr.,Michael,,Graff,,Commercial Sporting Goods,adventure-works\shu0,michael16@adventure-works.com,132-555-0150,NRM1BXnt0/4EDaPuM5qday+BOZANEisKCyGGQqJxXpY=,ewV5lII=,4f61574b-8353-42ec-825c-87896e6e16a4
136,FALSE,Mr.,Derek,,Graham,,Wholesale Parts,adventure-works\josé1,derek0@adventure-works.com,674-555-0187,FJJVccEFyVV8NubSxOFblRtnKqQD221f9AT9xxYTOUA=,8ju6sOA=,84cd4767-f142-4d9d-9033-ad3ade34bf74
137,FALSE,,Gytis,M,Barzdukas,,Transportation Options,adventure-works\josé1,gytis0@adventure-works.com,257-555-0119,muiJ85PHJTw5ocOM+yS+gq+w8REzzCOfzXZNFyDZniI=,lUNnQso=,d6a1aee7-25ef-4417-ab10-65bc21661864
138,FALSE,Ms.,Jane,,Clayton,,South Bike Company,adventure-works\garrett1,jane1@adventure-works.com,206-555-0195,o02Imw+gyZX9J1yiTBKYD4M5XlerPqz3usX+v3CsDHA=,PZCGT2g=,91b9ef4b-2fa8-4936-ac71-1fa1b3624d12
142,FALSE,Mr.,Jon,,Grande,,Riding Cycles,adventure-works\jae0,jon1@adventure-works.com,1 (11) 500 555-0114,26rwIeR9oyfo+P6lodeASP/MAC2/tdKFbmFVC5uBRmA=,83inWt0=,b821d13f-e9db-4a3b-87d0-7e867a161575
145,FALSE,Mr.,Ted,,Bremer,,Raw Materials Inc,adventure-works\pamela0,ted0@adventure-works.com,962-555-0166,mBQHYK00pq9+tDgH7TR6fPrrYQ2drX7/VuuHgkUSOiQ=,MxiyX14=,fec5609d-042b-4480-b1ba-55f2d4107327
146,FALSE,Mr.,Richard,,Bready,,Latest Sports Equipment,adventure-works\david8,richard1@adventure-works.com,340-555-0131,kOabrc0OqOISR4N3D3FZkOh3yAKQCF/ozSx7G00Kpt0=,jpRF8lY=,5475e9dd-98ca-4989-b7a2-3fc929beea12
147,FALSE,Ms.,Alice,,Clark,,Local Hardware Factory,adventure-works\jillian0,alice1@adventure-works.com,221-555-0141,ZZhnNULC5d/7tZv0hUtCl4jKwgyZql8aSrIzlTaTvg0=,hGHOthw=,03836a0b-7ad8-4115-8d23-6efa0d8deea1
148,FALSE,Mr.,Alan,,Brewer,,Lots of Bikes Storehouse,adventure-works\jillian0,alan1@adventure-works.com,494-555-0134,t9ecYoVIOcEiyXvl+noHoCymcRlJij1fzZzXfKeZ/R0=,6ZoXk8E=,79355855-a002-4393-bb6e-36f90913fa4d
149,FALSE,Mr.,Cornelius,L.,Brandon,,Initial Bike Company,adventure-works\shu0,cornelius0@adventure-works.com,229-555-0114,fftjn+fbjvHFJ4bf7rTpLdlCHv61xF+y0ZPKKevQV98=,OzSaq2k=,baa99d94-2fc2-4a1c-8b67-2c3210eb90c3
150,FALSE,Ms.,Jill,J.,Christie,,Fleet Bikes,adventure-works\linda3,jill1@adventure-works.com,927-555-0198,Vlb2fj7yW2d5JtfPLZvbicsQNEgLhh0b93Uw2pLEBuE=,2cMmc9Y=,285c5dd7-75d6-460d-97ba-aa86d86637c0
151,FALSE,Mr.,Walter,J.,Brian,IV,Futuristic Bikes,adventure-works\shu0,walter0@adventure-works.com,163-555-0155,NN11OHHxrOm6r8lPyhXuBk13QMD+8tph5PIdJ4t0JmY=,PiILPfc=,7f2891f7-dd88-470b-95ae-cc9a7d732b1f
154,FALSE,Mr.,Carlton,M.,Carlisle,,Camping and Sports Store,adventure-works\josé1,carlton0@adventure-works.com,193-555-0116,GJhY98QoDTRmv/6f6RcLwoj2v33jAZopR8AjLor/sqc=,fYgdeM0=,4f60f75e-b20a-4056-874c-b7f3bd33bf3f
155,FALSE,Mr.,Joseph,N.,Castellucio,,Corner Bicycle Supply,adventure-works\josé1,joseph1@adventure-works.com,180-555-0114,NLAR7H8spiCb/C0qY+3qkJm3VuoSOqDw7yspRc1CTTg=,Whn5BXY=,3b56cd66-5ddf-430c-ab41-3ff6a1836868
156,FALSE,Mr.,Lester,J.,Bowman,Sr.,Metal Processing Company,adventure-works\garrett1,lester0@adventure-works.com,844-555-0112,+CFHIbYlE+nsmSbCpJOTLZXChbtYA9JzdSnd1Qejk5g=,w7ec7iI=,cfffaafb-98dc-4392-84f9-fb3229f35265
160,FALSE,Ms.,Brigid,F.,Cavendish,,Vigorous Sports Store,adventure-works\jae0,brigid0@adventure-works.com,1 (11) 500 555-0178,20rlqqjWOPLBi7oYKBrHMzouHcYl6OknJcV+yc0zQKo=,QS6UTS4=,b42d510d-3ae4-4911-88cf-8d90d6bd0922
163,FALSE,Mr.,Andrew,,Cencini,,Sports Merchandise,adventure-works\pamela0,andrew2@adventure-works.com,644-555-0111,Eo1pvctUvdkRpUgGHwOfILlh5uZiYuLv+eBXLj1viR8=,LCi+QgQ=,989f9f3a-7cb8-4083-8cda-291c682be73c
164,FALSE,Ms.,Cindy,M.,Dodd,,Suburban Cycle Shop,adventure-works\david8,cindy0@adventure-works.com,706-555-0140,C7FdyTzpzS44mEsqgDG4s8S3CZJtl+yiy9sH4rEI9VY=,M4cce8o=,5a323aca-74a2-4ca0-aa3b-e1ae299aad08
165,FALSE,Mr.,Randall,,Boseman,,Third Bike Store,adventure-works\jillian0,randall0@adventure-works.com,383-555-0117,UsXZ9ElCaZBo0YED9A2khFNGjNK+8yHdxnraI+OHsZ8=,oMeb83g=,3cdbd3ea-da78-4f9a-8eec-8da4c050c817
166,FALSE,Ms.,Stacey,M.,Cereghino,,Fitness Toy Store,adventure-works\jillian0,stacey0@adventure-works.com,351-555-0131,u/IE2VGaycl6iSw+8Es0ro5F6g//TK/eJA3ICMBHXmc=,n+71V7I=,f644d9dc-4ced-49e8-8587-ce859e466dfa
167,FALSE,Mr.,Blaine,,Dockter,,Farthermost Bike Shop,adventure-works\shu0,blaine0@adventure-works.com,156-555-0187,9E6RJtJrsu2iqMbyKMJRaVfPipCW5XObegb3KE3K85M=,hiSI26I=,515d4a13-4e60-4d0c-8f22-bb89a9d312ad
168,FALSE,Sr.,Luis,,Bonifaz,,Economy Bikes Company,adventure-works\linda3,luis0@adventure-works.com,688-555-0113,fOnF7T/vMnI6uJzH1IxN9lcM8z31odelgSIW9Vu8sD4=,dz8Ej6A=,fce18386-f492-4d4a-a6d2-fb7ef20c57fc
169,FALSE,Ms.,Brenda,,Diaz,,Downtown Hotel,adventure-works\shu0,brenda2@adventure-works.com,147-555-0192,84meSWqxRT9guwZSihzP3MYe7UV2VaMLBldOf8pTy5A=,lsd099Q=,2d6bbc35-bc19-4cb4-a61b-46899d3a4237
172,FALSE,Ms.,Gabriele,,Dickmann,,Certified Sports Supply,adventure-works\josé1,gabriele0@adventure-works.com,835-555-0116,6eApe0lB1ZkvyJB3Uo3LaYGV8sm2/NE9fUHXM7a0RYU=,M8SoIWU=,324c671d-dd10-4ee2-857a-767917acc2a3
173,FALSE,Mr.,Rudolph,J.,Dillon,Sr.,Sundry Sporting Goods,adventure-works\josé1,rudolph0@adventure-works.com,722-555-0169,hynkaEM/LxC86JGG4q4AGgiar6iWoIu5bLVB3gFq2RM=,DUDd/5g=,fdc12e98-898b-4c22-972f-f0ebfbfcb7b0
174,FALSE,Mr.,Michael,L.,Bohling,,Toy Manufacturing Inc,adventure-works\garrett1,michael12@adventure-works.com,838-555-0147,OaSaJ/wRTB0DFRe0vMDnhW8BPYsB0r2Stk5dzsBWusI=,G5ADims=,9c4ddefa-aabd-4a51-ab90-998985fb7d2f
178,FALSE,Mr.,Dick,,Dievendorff,,Rampart Amusement Company,adventure-works\jae0,dick1@adventure-works.com,1 (11) 500 555-0193,dI9bbaCIElCUwy2PYLUYLNIrdM9yCcuTmHspqw8Wsxc=,FihOX8w=,05b8fb77-fc67-4279-aebd-4162d21b9a11
180,FALSE,Ms.,Nicky,E.,Chesnut,,Full-Service Bike Store,adventure-works\michael9,nicky0@adventure-works.com,264-555-0164,weDREfIdFEInQXlEuUK3AjoRiqGR7g2cJQHBZ1BT5xw=,ggpF1Og=,f7cff29e-f164-424e-b005-bf8cf317af27
181,FALSE,Mr.,Michael,J.,Lee,,Family Entertainment Center,adventure-works\pamela0,michael18@adventure-works.com,396-555-0139,A6RveLbS4qIaP/sOesBWwK7KlcShNP0N7DDN2VRWxYk=,vhvGQUE=,3d3d4cd0-7f5d-4bd9-a589-08881095bc5a
182,FALSE,Mr.,Stanley,A.,Alan,Jr.,Another Bicycle Company,adventure-works\david8,stanley0@adventure-works.com,156-555-0126,uzR3iWUJwdMRenhBxExmLfmCRPenWgwazHnSEPDbzb8=,kj/7VTw=,d3da2ff4-51c0-4fcb-a936-1b910458d752
183,FALSE,Mr.,Yao-Qiang,,Cheng,,This Area Sporting Goods,adventure-works\jillian0,yao-qiang0@adventure-works.com,344-555-0181,3LD/Jab7lP6gIPvK5EdTnwhHBo+dxs3y9GbIgmN6E8Q=,BG6Ps64=,b2051957-b411-44e1-bca5-63fecb5368f2
184,FALSE,Ms.,Marjorie,M.,Lee,,Go-cart and Bike Specialists,adventure-works\jillian0,marjorie0@adventure-works.com,306-555-0166,viR4W7eY7DDH81eAFhdKTb8Hft5EM8K5CcxdoPdoqgs=,ZcFvFFc=,a65c523a-498d-4314-a727-d17a8b2779f6
185,FALSE,Mr.,Sandeep,,Kaliyath,,Weekend Bike Tours,adventure-works\shu0,sandeep1@adventure-works.com,495-555-0113,Rrgza3uGhmNF9StSEGpXIJ5moVVsmcjhGDjdCAPyMnc=,ekE0M9I=,5014e91d-7b0e-495a-b429-ff915be9d2fd
186,FALSE,Mr.,Pei,,Chow,,Thrilling Bike Tours,adventure-works\linda3,pei0@adventure-works.com,789-555-0184,UVTWGfYZBU+ZmXLqhvqZFDwYXdtX14O87KHOHN36XDc=,pI/k4Qw=,48d3e26e-c051-4b24-a37f-a88f5294f25f
187,FALSE,Mr.,Frank,,Campbell,,Trailblazing Sports,adventure-works\shu0,frank4@adventure-works.com,491-555-0132,XKb/GbNNUPKesifxpBwavz3wz5Y3jbFPJgsBIVEFvO0=,/9h1e7s=,3329ce97-bb9f-4c36-9197-a6eee803bd94
190,FALSE,Mr.,Mark,,Lee,,Racing Partners,adventure-works\josé1,mark5@adventure-works.com,371-555-0112,Lk6x4lbbepoCdlNUxLYjn6D3zCWVxEKiK2DwxCURAis=,s7z2FRc=,91154406-0118-4a11-bb1b-366edfb5c97a
191,FALSE,Ms.,Sandra,T.,Kitt,,Non-Slip Pedal Company,adventure-works\josé1,sandra2@adventure-works.com,303-555-0117,d8QmW8XwLDvVvz9RYBNkv59Snnfp3tdnQQ/IZ0UEV9U=,FccEr0Q=,a2f63e12-1c66-41c2-aac0-57d87f1861d9
192,FALSE,Mr.,Hao,,Chen,,Nuts and Bolts Mfg.,adventure-works\garrett1,hao1@adventure-works.com,117-555-0173,iwlZhoYS98IRDbB9ps/YqC5ITCR+AZm5L+5g5nqHzE4=,okCr0j4=,84401968-8977-4380-9b4e-d5149c8126c0
196,FALSE,Ms.,Jolie,,Lenehan,,Exhibition Showroom,adventure-works\jae0,jolie0@adventure-works.com,1 (11) 500 555-0126,qUddcyDDhMORzm2Tp3YcC3vD7dXKgTEDtTorjPbhbmk=,C2IP7to=,5f0eb2d3-4691-4f71-8e9b-a3eacfa4a1d5
197,FALSE,Ms.,Diane,F.,Krane,,"Fabrikam Inc., West",adventure-works\michael9,diane4@adventure-works.com,224-555-0126,IQvtwGrIwRDX9ZHmv+WXAmqiXokkD7MT/x8ZdSBArjo=,6xHx1mQ=,47b64828-bc4c-4940-aa23-92006bf0d7f1
198,FALSE,Mr.,Payton,P.,Benson,,Field Trip Inc,adventure-works\michael9,payton0@adventure-works.com,528-555-0183,FnBp23EtjoS2hj7nCcr9a76vZjNvQ+/WT/5vyYyKG5o=,TYGH50Q=,b17de285-df9a-487b-8773-75844a101cd0
199,FALSE,Mr.,Roger,,Lengel,,Authorized Bike Sales and Rental,adventure-works\pamela0,roger1@adventure-works.com,947-555-0143,LoVploOms9pM4zQpIHQdGFLraQGd2ZtmlhGCKz8RxZk=,1PXmt4Y=,f0cd52d1-b838-451e-b015-5414ab7d9154
200,FALSE,Ms.,Peggy,J.,Justice,,Basic Bike Company,adventure-works\david8,peggy0@adventure-works.com,170-555-0189,C4CbjWP+J+L/5D9jekqIDsijBR8VvJlpu7IxqSE3ckI=,GR7idhc=,7c96c878-a038-4b2f-825f-016c922d6407
201,FALSE,Ms.,Edna,J.,Benson,,Unsurpassed Bikes,adventure-works\jillian0,edna0@adventure-works.com,789-555-0189,POpWTovMrdUJmLS24NDBdrrY5tasoVlQod5uB56k4YM=,Jx6w2tk=,ff8eb66d-37d8-46fb-b6e2-30a1fac37947
202,FALSE,,A.,Francesca,Leonetti,,Two-Seater Bikes,adventure-works\jillian0,a0@adventure-works.com,645-555-0193,M2iP88O+gIF88E9NpBhI0baOUusaGXrum+clJ/miHO8=,6UypM3o=,e50d76bb-e3f7-419f-a6d2-20061538fcea
203,FALSE,Ms.,Jean,,Jordan,,Separate Parts Corporation,adventure-works\shu0,jean3@adventure-works.com,207-555-0129,Fz+NYcaaq3h6DqGHlfln+rg8Acm2x1ZGxvEayxBvctA=,RqNfsHY=,b05aaa08-abc9-41e1-b113-65347a2ee406
204,FALSE,Mr.,Ido,,Ben-Sachar,,Traction Tire Company,adventure-works\linda3,ido0@adventure-works.com,973-555-0112,miuh5Po0s3jNnKrMwmuROEApoKFRWumb1K1EMP0hGB0=,TLqFgK0=,c807870f-fa5d-44cb-b373-47ecac52c1d8
205,FALSE,Mr.,Frank,,Mart¡nez,,Rally Master Company Inc,adventure-works\shu0,frank5@adventure-works.com,171-555-0147,om5PZqKM1Q45cWiYPIrXl/Aae/JkbppbhDiC35ExpI8=,6YiQ2V8=,9db0bd27-5ce6-4f6d-8c90-a85422b86060
208,FALSE,Mr.,Steve,,Masters,,Professional Cyclists,adventure-works\josé1,steve2@adventure-works.com,154-555-0115,yFi3yGOATh6SBDVcA2+76Fx57aewXlckixsLIK6rBQ8=,WWk6sxA=,6005e7a8-0101-4be2-b8c1-f4ad936e496f
209,FALSE,Mr.,Robert,E.,Jones,,Purple Bicycle Company,adventure-works\josé1,robert6@adventure-works.com,595-555-0131,P7kS2qmv24u6DHt3T4KoKJ6+3pJpWEoMKQZVPpaRlmo=,c0oPTcw=,e5a50573-0d83-4200-a80c-9f690af69fcc
210,FALSE,Mr.,Josh,,Barnhill,,Gasless Cycle Shop,adventure-works\garrett1,josh0@adventure-works.com,584-555-0192,bskaXdzyt3OUpHetBO/IcD+SDhG5EyMDjtlYBlgd5JM=,m3KdhOo=,ff748558-ea94-4c67-a764-d1480b0f8548
214,FALSE,Ms.,Jennifer,J.,Maxham,,Exclusive Bicycle Mart,adventure-works\jae0,jennifer1@adventure-works.com,1 (11) 500 555-0175,7Rt3EiYjLXevQHTKMCMAavZEDngeIlBpAJZwplBW0G0=,M6OjY4Y=,402e4d5f-27c3-4197-87e8-32aa42e41bb6
217,FALSE,Mr.,Chris,,Maxwell,,City Manufacturing,adventure-works\pamela0,chris6@adventure-works.com,642-555-0187,ixajZho2s3ev/ogNQ9FUe1TyfA9yX1aEVWDOy/mdUAU=,k3iiros=,5cfc3a75-ddc6-4c65-b4c3-15bf96c92983
218,FALSE,Mr.,David,,Johnson,,Sure & Reliable Sporting Goods,adventure-works\david8,david18@adventure-works.com,476-555-0139,tw+fIchafvuaOuwyEXmlXbPr9Vt3EILylHlmwfm6Gig=,0fgKxF4=,3c098480-0d9b-409c-8156-c7610415ac5b
219,FALSE,Mr.,Brian,,Johnson,,Extras Sporting Goods,adventure-works\jillian0,brian6@adventure-works.com,320-555-0134,TGnRB6vDbV0LZss8tA9iu637/34mcJWkD0Ux4xaza/k=,2t9hMlk=,d39ccce3-c4a6-441d-8a3c-96507627746d
220,FALSE,Mr.,Robert,,Brown,,Best o' Bikes,adventure-works\jillian0,robert5@adventure-works.com,575-555-0189,WdS3xcgtqW4nnV7dyZ17PmiMPZ5vKs5whm3ANBVQ1sQ=,mQK+bIw=,81305a48-9f6e-4415-b7aa-488ba04a8f7e
221,FALSE,Ms.,Sandra,B.,Maynard,,Bike Dealers Association,adventure-works\shu0,sandra4@adventure-works.com,993-555-0179,iPjYe483dSgp0POtxsJVNCcegR3PdCK33L1Elr6F14w=,CqQEYuw=,98ea497e-45d0-4c54-821a-4fdd9a751095
222,FALSE,Mr.,Barry,,Johnson,,Sample Bike Store,adventure-works\linda3,barry1@adventure-works.com,858-555-0140,lepgCpcuzDRNfqPaAgUacRzPVGGXHwiRm7wwJ4cNgBs=,lkPNcdI=,3db84b19-4063-4ec2-b1b4-317dee133a25
223,FALSE,Ms.,Joyce,,Jarvis,,Paints and Solvents Company,adventure-works\shu0,joyce0@adventure-works.com,458-555-0179,HdGP+FhhGf8dYBcwT4pIsPs6mdixGxg1UVN0kMtW2Jk=,XdEyqf4=,994837fe-10a8-47df-b7b8-86c4e6932fd0
226,FALSE,Ms.,Vance,P.,Johns,,Leisure Activities,adventure-works\josé1,vance0@adventure-works.com,103-555-0151,SjhcbJpcpaWw4QjUCmjWLcY825LVBVxAVlKUVRGVC/0=,Tb+oJnk=,cf860e9b-816a-406e-a64a-7965772d5487
227,FALSE,Ms.,Robin,M.,McGuigan,,"Health Spa, Limited",adventure-works\josé1,robin0@adventure-works.com,431-555-0153,fLh6z9dFddA6FLXlQVHhI5C9QbgD7gDHv63wFwwLzx8=,OtAJEtc=,1ffa0236-84ee-415a-be61-94ce863715ea
228,FALSE,Ms.,Danielle,B.,Johnson,,Home Town Bike Store,adventure-works\garrett1,danielle1@adventure-works.com,356-555-0190,b0w+/GVSsenvVoXksIyrBh+BGRKEIsId9aOsMDCOZi8=,W1IKTDo=,c751dd7e-51d9-4d2d-aeed-c818eee56ceb
232,FALSE,Mr.,David,,Jaffe,,Exceptional Cycle Services,adventure-works\jae0,david17@adventure-works.com,1 (11) 500 555-0140,FGdnPYTMqac/OnHuvpZH+gBqo30RCSqFL8kFsXLMOlI=,AnSCCJw=,aa451bd5-ffc2-436c-a295-81b350a5b899
235,FALSE,Ms.,Mary,,Alexander,,Certified Bicycle Supply,adventure-works\pamela0,mary7@adventure-works.com,344-555-0133,y0iroPvPC4eEspx+3ldDYTXprGyXnnCpLGd3uXHr/+A=,F1wnUPk=,a4df6d50-5068-4fa9-b4ca-a3195eb29bb6
236,FALSE,Ms.,Lola,M.,McCarthy,,Closeout Boutique,adventure-works\david8,lola0@adventure-works.com,173-555-0151,FA9j5YePslFGxxwINV2WNFLdtlbCtTK0YuF06zPc16Q=,ojfzrl4=,21801fb2-6ea6-4fe5-9444-7e09e8ba907c
237,FALSE,Ms.,Mary,K.,Browning,,Client Discount Store,adventure-works\jillian0,mary5@adventure-works.com,658-555-0146,ChGbWjf0h+VNc991cHR4FwJMGxeHxuYSeKVPflcq7wc=,dt/JUB4=,b8f7d9d3-e498-40c2-8c7e-fb1c98c43756
238,FALSE,Ms.,Jodan,M.,Jacobson,,A Great Bicycle Company,adventure-works\jillian0,jodan0@adventure-works.com,652-555-0189,PSKz4q56IqL3q9GPJjYwAKKz2sFtFqkN9n9dfiu1q+0=,F/sb/Xc=,3ecd14cb-463c-4375-b81b-d6e60a48b83d
239,FALSE,Ms.,Jane,A.,McCarty,,Bicycle Merchandise Warehouse,adventure-works\shu0,jane3@adventure-works.com,529-555-0195,ZoY0+khcW5IFNHszZdW3+g5b7xWZLakfBmLzPRGtfpI=,cpPYnNE=,48aa4a1e-f209-4b29-a276-113ec94aa6dd
240,FALSE,Mr.,Jessie,E.,Valerio,,Wire Baskets and Parts,adventure-works\linda3,jessie0@adventure-works.com,103-555-0179,9EmEkovAOZzHdTYAXrsu3h3xgAvhMbHSs9Q8N+/CWao=,mgl/qso=,c581a495-5772-4eb1-943a-9e94e2387814
241,FALSE,Mr.,Eric,A.,Jacobsen,,Vale Riding Supplies,adventure-works\shu0,eric5@adventure-works.com,703-555-0120,KONBZCeYvjn9uAVeRFeN0CzMQcKJjrofhFrGTXAscDI=,3V8BWNc=,ff342e5e-445c-4900-aa71-f15656a7d24d
244,FALSE,Mr.,Bronson,R.,Jacobs,,Retail Discount Store,adventure-works\josé1,bronson0@adventure-works.com,697-555-0131,qD4cGE0DTDO7V/k6mu0nvfAt3rfbx4PQyYjp43hn+ik=,rLOroU0=,8ff82bed-93d5-4248-99e2-47f53055ec2d
245,FALSE,Mr.,James,L.,McCoy,II,Leather Seat Factory,adventure-works\josé1,james12@adventure-works.com,191-555-0151,7fCBS9M7J3qJvmN3sgO/fbT2ap3vnYQ/k+fKjaHYP/0=,r9owTtw=,4a122bdd-4393-42bc-ad49-37e43a0414f6
246,FALSE,Ms.,Esther,K.,Valle,,Large Bike Shop,adventure-works\garrett1,esther0@adventure-works.com,481-555-0131,70nGUIq7rO630L2/dv94XQ4HE2WWDpHISgy2OgtRANo=,HQA1TJE=,cee9f2df-2be7-48b9-8e41-343adc82f8c4
250,FALSE,Ms.,Denean,J.,Ison,,Express Bike Services,adventure-works\jae0,denean0@adventure-works.com,1 (11) 500 555-0127,RJeObGR0plv36VFq0yPWZGwFUAeTDIWG4sJppheOSaM=,mZ4Tbi0=,cb1ed6cb-18a1-4f7c-8079-dc400b6e506f
253,FALSE,Mr.,Erik,,Ismert,,Roving Sports,adventure-works\pamela0,erik0@adventure-works.com,116-555-0163,qH31PnQBwyUFQKdjw4bJmkw4mcqJUwRlENuk3bHLNx4=,xAk6xGo=,e09ab347-7fb1-453f-a4bd-377e68ec8c33
254,FALSE,Mr.,Robert,M.,Bernacchi,,Safe Cycles Shop,adventure-works\david8,robert4@adventure-works.com,449-555-0176,uNz2P7Jd7t3y2Neqi3NsRS7m0blEPSm/j3sOdXpJ7aw=,G5Du9Sw=,2f89e8dd-a3c3-4ed4-a604-4b3d45dd1bea
255,FALSE,Mr.,Sunil,,Uppal,,Swift Cycles,adventure-works\jillian0,sunil0@adventure-works.com,184-555-0187,agm2RVYpEMjc+OpNxGG7gujHre5Wv8c+QcQgm6orG2I=,Yqlwc+g=,0a21109f-02b0-4601-b4f7-2ed62c342385
256,FALSE,Mr.,Richard,L.,Irwin,,Rental Bikes,adventure-works\jillian0,richard4@adventure-works.com,367-555-0124,h5MoUod8rV39hjm6vrOX+iiVre1Alla8UfBtwIodbOg=,B/Jr1SE=,0b6db35b-b8b4-4b51-9154-c33e12b38c75
257,FALSE,Mr.,Matthias,,Berndt,,Number 1 Supply,adventure-works\shu0,matthias1@adventure-works.com,384-555-0169,PGmZaBbqtByrVs9jYLcigdjJ5O29jcKmsdbRwANU3WQ=,6Mzfp8w=,a24f5a79-dd85-4eb2-a6a2-6e7026763ff8
258,FALSE,Mr.,Sairaj,,Uddin,,Quantity Discounts,adventure-works\linda3,sairaj1@adventure-works.com,767-555-0193,S71ozp3yMBzUJk7fj4M8SRU+dElVKuXvieJDpDOvVv8=,iKVyEt4=,5549df48-409f-4c2a-b97b-900eb598843c
259,FALSE,Mr.,Lucio,,Iallo,,Highway Bike Shop,adventure-works\shu0,lucio0@adventure-works.com,199-555-0135,YodKwREGttzzQZXSLkjMe6ipm+9hE2yzBmAYNlj3qKM=,7hC00f0=,2c3f7a56-819c-4e83-b791-3ce02366d3cf
262,FALSE,Ms.,Beth,,Inghram,,General Industries,adventure-works\josé1,beth0@adventure-works.com,718-555-0152,F+vY3tSf0ZDAiQakfFA7yxIP0M8ljrI5oYD1F1iZt4w=,H5fjp4Y=,1c783210-2b1e-46e2-a2c8-23e610feeb3c
263,FALSE,Mr.,Timothy,B.,Burnett,Jr.,Farthest Bike Store,adventure-works\josé1,timothy0@adventure-works.com,251-555-0172,lYPMOabTmO7waFR155ZAm1jDwBg6VW2xrT6sZ1yxPio=,e8KtQ70=,f665a873-61a2-4b21-b9ff-b5903beaf759
264,FALSE,Ms.,Phyllis,B.,Tuffield,,Fasteners & Bolts Outlet,adventure-works\garrett1,phyllis3@adventure-works.com,277-555-0182,95PLNarmtKePNK2WYvZZ8U/arYSs9EJoBoh2P7GHCCs=,MLAW5PQ=,a5ce11ce-239c-4849-9683-14f37025a2c1
268,FALSE,Mr.,Richard,A.,Byham,,Channel Outlet,adventure-works\jae0,richard2@adventure-works.com,1 (11) 500 555-0138,adQ3TmZB28FhQvF2FntW1RInx5S+aOSvwpURQDLarr8=,KoBtEoU=,0c316f6f-5d54-41fd-86a3-6ecaf31a01dd
271,FALSE,Mr.,Jared,L.,Bustamante,,Alternative Vehicles,adventure-works\pamela0,jared0@adventure-works.com,164-555-0147,HpDMv2bnK4/qDUMQn8+csux9vDdycGo7vFyJ5y4Vh/Q=,NbybY4k=,f2765e86-8dea-468b-849e-9e83ae57c381
272,FALSE,Mr.,Henry,L.,Campen,,Metro Cycle Shop,adventure-works\david8,henry0@adventure-works.com,635-555-0126,sk3ylc8GdTAWxH2DM4cy8rLkoHXK7tIeMWUl3VNm+Bk=,2NEGr8A=,b80f890d-a6a1-4dfc-b763-ecd7743c3c2a
273,FALSE,Ms.,Christie,J.,Trujillo,,A Typical Bike Shop,adventure-works\jillian0,christie0@adventure-works.com,686-555-0180,VWZMnmAlCwxvJOjzebXyjCeFgHg6VcKqDb6g/BJXULc=,/tv9aHA=,736da014-1371-40b2-a401-5bd3267a1e8b
274,FALSE,Ms.,Janet,J.,Gilliat,,Active Systems,adventure-works\jillian0,janet2@adventure-works.com,521-555-0183,TYrGU6N0naplzEIsTHgR53UnASh8dXOYxTYOdOrI6Fo=,k1FFTeE=,02788a66-2628-4b91-b211-1d8f7e73c500
275,FALSE,Mr.,Chris,,Cannon,,Outdoor Sporting Goods,adventure-works\shu0,chris5@adventure-works.com,118-555-0131,RKimtgGoqQN8dj2KGy7mvo2DrpTK0yOpF9e6sgxyOTU=,LQWSses=,68dc7932-128e-47cc-80cb-cf2b1a352f3c
276,FALSE,Mr.,Michael John,R.,Troyer,,Thrifty Parts and Sales,adventure-works\linda3,michaeljohn0@adventure-works.com,308-555-0175,Gdklarx2tW1EtZEyrAUEIhhguzrFKVS4Bh3BdAsGngk=,HUE+JKI=,09e2cb2a-b0ca-4376-abe7-e9240ead2c16
277,FALSE,Mr.,Guy,,Gilbert,,The Bicycle Accessories Company,adventure-works\shu0,guy0@adventure-works.com,583-555-0198,YMhZzdS3NtxXPsz/PPksfdYWIvhuoemim9KoDsx20cg=,rQoQs38=,37156292-0d92-4f6b-9014-ccb0b29e9f9a
280,FALSE,Mr.,Frances,J.,Giglio,,Standard Bikes,adventure-works\josé1,frances1@adventure-works.com,692-555-0136,Vf9lyf+xKSbSXq9yAcMEF9niZm29wvPV9e9dU9sYQVc=,6ansEQA=,73b26c19-1113-427f-bbab-beb6fcda33c3
281,FALSE,Ms.,Suzana De Abreu,A.,Canuto,,Petroleum Products Distributors,adventure-works\josé1,suzanadeabreu0@adventure-works.com,990-555-0141,aQhg/A43Nq3pqIBjcyPBvjQ7qXHAckVwm6FjAZCx0nc=,RpQyjlA=,b3b07166-1798-41b4-a7c2-0579292008c4
282,FALSE,Mr.,Billy,J.,Trent,,Quick Parts and Service,adventure-works\garrett1,billy0@adventure-works.com,882-555-0115,tSfXgpVAnQ6TL8XxnK0PMKR2Ngn49a0253VcVtcV6QQ=,V1n+9SQ=,cf04f255-d817-4ec9-9d99-4580b1ed0ce2
286,FALSE,Mr.,Leo,,Giakoumakis,,Number One Bike Co.,adventure-works\jae0,leo0@adventure-works.com,1 (11) 500 555-0169,x78xcW0FvKo3V2RvMGf37bcWhb50vMZ22IuaZcu+qmM=,abrUsFg=,6266ccc4-1af0-42e0-bca4-b33ea6838eee
287,FALSE,Mr.,Grant,,Culbertson,,Handy Bike Services,adventure-works\michael9,grant1@adventure-works.com,859-555-0173,nkkvhNgGMBN5JS2w3ewyvV4KCwrTMYC4+yoS/4hIUok=,fqDHYeo=,448cbbfe-eddc-443d-b7c8-57aeaa463be5
288,FALSE,Mr.,Robert,L.,Barker,,Kickstand Sellers,adventure-works\michael9,robert3@adventure-works.com,241-555-0112,q8JpThg+EEoLRrvqBMW+Wa0RbFcCIfVIzYcGGELEOdk=,cdUS/K4=,44edc8ac-bb0e-418e-bdd3-4f7691381633
289,FALSE,Ms.,Gabriel,L.,Bockenkamp,,Moderately-Priced Bikes Store,adventure-works\pamela0,gabriel0@adventure-works.com,763-555-0145,hW0+tFeNNdvPsnKDuHc6OmH0bCdD2kCfpU6qVvIjdPs=,fjVy+G4=,a42d0f51-c2bc-433d-b2bd-61c516296669
290,FALSE,Mr.,Scott,,Culp,,Friendly Bike Shop,adventure-works\david8,scott3@adventure-works.com,119-555-0167,Xf7AJHcry+LouddJR3dIGHjo8du8EO+214E81gPafj0=,rXx8clQ=,d0dcde2d-8c38-48fc-9d83-5ebe8a8577ae
291,FALSE,Mr.,Wayne,N.,Banack,,Grand Bicycle Stores,adventure-works\jillian0,wayne0@adventure-works.com,640-555-0189,W6e3zjP9/VTWIVDfWOJ7/sdwfvSP0qPkcRJ1pTa249I=,mv8CSkM=,a5aa95ad-8c82-4e50-944f-39f6bdd0a8a8
292,FALSE,Mr.,Michael,Greg,Blythe,,Grease and Oil Products Company,adventure-works\jillian0,michael11@adventure-works.com,126-555-0172,5QCj8NIegcVaNIwAHhbulqzIKzgsgpVptbr8vMjvY9Q=,8L4g3I4=,e1e960b9-5a86-475d-80fe-b64191aeb1da
293,FALSE,Mr.,Conor,,Cunningham,,Fashionable Bikes and Accessories,adventure-works\shu0,conor0@adventure-works.com,115-555-0113,/yVQQacXlcqZVH6x20kKCxCJ+sP4EjmPQXwwwInfNH0=,vJ/AcXo=,b37a0d83-7ed6-4c58-a476-f59b7ae4fc85
294,FALSE,Mr.,Alberto,F.,Baltazar,,Flawless Bike Shop,adventure-works\linda3,alberto0@adventure-works.com,780-555-0114,7Pu+s7FYZ9ERNs/++8Bd+aj1rUALff6EuUnG0Xi+5f8=,L1e3Y34=,592b130d-bff6-4744-b0b6-02f706504993
295,FALSE,Mr.,Joseph,P.,Mitzner,Jr.,Engineered Bike Systems,adventure-works\shu0,joseph4@adventure-works.com,129-555-0164,7obarvC3BHLIE/oFo0n+bkB/EZ03Zc8Vu+F2jpK/CNM=,k6zgROU=,bb5324b1-9ace-4aae-8711-41090edce4e0
298,FALSE,Mr.,Robert,,Mitosinka,,City Cycling,adventure-works\josé1,robert10@adventure-works.com,239-555-0198,vCVsOjGm0KyeirgUeD9DQYxoh13CXTJAA03IytWGrhs=,mQH+E8w=,16101465-48b9-4147-9c53-6610feadf778
299,FALSE,Mr.,Thierry,,D'Hers,,Citywide Service and Repair,adventure-works\josé1,thierry1@adventure-works.com,680-555-0192,i+ukExAQLOnEpQFQLme/QYR8w6kME+/MdykXoSxwgFI=,FooiQMs=,1cea8d76-4a20-4d76-9da2-a3777fd7e693
300,FALSE,Mr.,Daniel,,Blanco,,Nice Bikes,adventure-works\garrett1,daniel0@adventure-works.com,221-555-0167,bnDkCXU7YCA05COiVJst0pMlaJtfAK0H8pgniBfLooM=,oOIbGSo=,7256f9b7-5253-4384-b8de-60b6f0adf5a6
304,FALSE,Ms.,Linda,,Mitchell,,Essential Bike Works,adventure-works\jae0,linda9@adventure-works.com,1 (11) 500 555-0182,LJhS2DW9IscOBidp+dn6JWOa8axqqpEw2XIUiUMRKVM=,hrRF3s4=,c332c909-ee43-4312-a9d8-b2365a0160ea
306,FALSE,Mr.,Stephen,M.,Ayers,,Work and Play Association,adventure-works\michael9,stephen1@adventure-works.com,818-555-0171,m79YsPy3BDp4/SUQsvNcbTQuyZxUGV9TuBeHcAHjZCk=,F0hRcQ8=,f8f2835d-f5f0-4070-8465-46bfc815153b
307,FALSE,Ms.,Neva,M.,Mitchell,,Riding Associates,adventure-works\pamela0,neva0@adventure-works.com,992-555-0134,xUl8Ag905RQfEG81+mYFO378kfiUUFE0TsYSJ1+rU9I=,ru6E/qg=,d11d9dae-d5d1-440b-be3f-48d307e942a6
308,FALSE,Ms.,Megan,N.,Davis,,Rugged Bikes,adventure-works\david8,megan1@adventure-works.com,839-555-0198,G6BHmDa5WKyDUTzHeOszC8XHrN8wPjUM76UTZb39tWc=,BNNUWH4=,d2b47dad-e684-449b-992c-15de391c0fcc
309,FALSE,Mr.,John,,Arthur,,The Gear Store,adventure-works\jillian0,john6@adventure-works.com,149-555-0113,AJwPH2IQhCHW77xtUnJh0G0EXqA11PsPLRRuSQK+K9U=,ZXH0EUg=,a80b5e25-5ef4-4910-b70b-b2d1f5b207c2
310,FALSE,Mr.,Frank,,Miller,,Orange Bicycle Company,adventure-works\jillian0,frank6@adventure-works.com,118-555-0184,h7ho5pw1ypORUO13IMzogsDDW1C9bUTmGWsz06Xax8E=,n/q5ims=,0d9a0e94-f5e9-4021-8e81-f7f2f18144b1
311,FALSE,Sr.,Alvaro,,De Matos Miranda Filho,,Principal Bike Company,adventure-works\shu0,alvaro0@adventure-works.com,551-555-0155,BrhebOErAX2tbZ1LZxAb8hwE96ZdIjikETxIsIKfpLw=,v5pJpw0=,f070050e-2b33-41a2-a995-d9df09eb3ae3
312,FALSE,Mr.,Thomas,B.,Armstrong,Jr.,Resale Services,adventure-works\linda3,thomas1@adventure-works.com,226-555-0146,8ml/xroz0hroeUDl/KW2y2QlIIgHgygotLw0Md60cBY=,hXYQBis=,067bb7da-557d-4145-910c-ee0c82caa0e4
313,FALSE,Mr.,Dylan,,Miller,,Metropolitan Manufacturing,adventure-works\shu0,dylan1@adventure-works.com,140-555-0192,kE/AZF2xtlVStSAI51sBwnA1CENgrWppF3qD5KxBdVE=,q1lJvKo=,2157d9a9-a284-4001-973a-27196613681a
316,FALSE,Mr.,Ben,,Miller,,Low Price Cycles,adventure-works\josé1,ben1@adventure-works.com,207-555-0167,d8+17xmtxYv0ovo+dfdJCIe7zpoChbE+X4f+gQrPU3A=,6CMCzUQ=,8c95e9d8-88d0-4e6a-8149-b4c6c79e65bd
317,FALSE,Mr.,Jacob,N.,Dean,,Finer Riding Supplies,adventure-works\josé1,jacob0@adventure-works.com,767-555-0151,afWrNdx+a97zBy+NoV2h3JgMyfVCLmD1FMz7OiwtBRQ=,KVVlFXY=,5eef4daa-8514-43a3-b96a-d99e19e3c2e8
318,FALSE,Ms.,Ann,,Beebe,,First-Rate Outlet,adventure-works\garrett1,ann0@adventure-works.com,277-555-0169,l3pyVEyTaWqsF1xRfSXtR2CgCOfOXQCSumdlzqMKLxQ=,BX3pcB8=,d241d8f1-5a7a-41b3-8723-1e2b1a9fdbf6
322,FALSE,Mr.,Matthew,J.,Miller,,Tachometers and Accessories,adventure-works\jae0,matthew5@adventure-works.com,1 (11) 500 555-0176,/hDOTbr9X/E4UE8H6wjOGHYZ6Gb8GDpmutPWgFTXQnc=,eiCRDs8=,1c56e02d-69f4-4c0d-965b-2b7f54aa0a34
323,FALSE,Mr.,Jo,,Brown,,Metro Bike Works,adventure-works\michael9,jo2@adventure-works.com,689-555-0130,KZaaqy2YCpxZaXM7rzYJyuNkw9w+wWoUaL5P6Jdyzpk=,T2lZOPo=,0da4f03e-47e9-4bed-b149-9c18cee9eb30
325,FALSE,Ms.,Virginia,L.,Miller,,All Cycle Shop,adventure-works\pamela0,virginia0@adventure-works.com,918-555-0127,2LMYXdm0nvmWcT+Md+NaYmfIPgdmP0R2PiRoynq7WCk=,GNkVrfA=,6340ac77-4fbd-4eec-9d60-5009d428674a
326,FALSE,Mr.,Scott,,Gode,,Year-Round Sports,adventure-works\david8,scott4@adventure-works.com,164-555-0145,GkzDDuB6pTaET7MyM3Kpgh+sP0JyO6EvZnbS4ep3kEg=,3CEircg=,81c81c0d-73eb-442d-beb0-d03ad4af5048
327,FALSE,Ms.,Caroline,A.,Vicknair,,World of Bikes,adventure-works\jillian0,caroline0@adventure-works.com,695-555-0158,U1/CrPqSzwLTtwgBehfpIl7f1LHSFpZw1qnG1sMzFjo=,QhHP+y8=,cdd7480f-7284-453a-a7ca-910535d40583
328,FALSE,Mr.,Robert,R.,Vessa,,Totes & Baskets Company,adventure-works\jillian0,robert13@adventure-works.com,560-555-0171,UWGC2U8F7AUNA2FuiT4agrBoxAFskHGQSxqP39B7zLQ=,iES3IZA=,84a86a42-c9f8-4b4a-a1a6-28e4e448fb8c
329,FALSE,,Andreas,,Berglund,,"Unicycles, Bicycles, and Tricycles",adventure-works\shu0,andreas1@adventure-works.com,795-555-0116,dGlOTb4tIwZCoQftB0K+7CHFl/ty6hYYq/X/T1Dq6k4=,9ak86/4=,35de20d0-b72d-440b-8c55-6e8ad6643335
330,FALSE,Mr.,Mete,,Goktepe,,The New Bike Store,adventure-works\linda3,mete0@adventure-works.com,637-555-0120,cIKsu790VaU1891IzLoO2agtT2vvaOXkL3puAV90Zro=,7erbA0k=,09480748-3f10-4c0f-9bf1-ebefad6540cf
331,FALSE,Ms.,Wanda,F.,Vernon,,Technical Parts Manufacturing,adventure-works\shu0,wanda0@adventure-works.com,433-555-0168,hNQpZV8787KyeDWfllnZWzY+l8DFEYTnwoZZzYtusi0=,HDCU1Bk=,9b6d55bd-1bfd-489b-a09d-ca2de42c7c16
334,FALSE,Ms.,Dora,P.,Verdad,,Retreat Inn,adventure-works\josé1,dora0@adventure-works.com,155-555-0140,RgzxIE8hSY/z6iJnmDYMZWdJTQBRaWKI7UaZhAPhPxY=,jYD20wc=,777d62e5-3c77-4cef-8af6-8a4648f49eb9
335,FALSE,Mr.,John,M.,Berger,Jr.,Scratch-Resistant Finishes Company,adventure-works\josé1,john10@adventure-works.com,156-555-0111,0J6cl9Zhm+g4rbqJrvyshZWF72arbVNptT27ZL2QTMc=,2Ugh6Q4=,f8bf1985-3c65-400f-bd46-92f88008f003
336,FALSE,Mr.,Brian,R,Goldstein,,Primary Bike Distributors,adventure-works\garrett1,brian4@adventure-works.com,495-555-0161,Pe7m3z2RtNe4D8mkkCKh3/WPMsONB78YR1Kip5zJwzs=,x4UseEA=,0341ca02-f44f-4604-8e20-a749b90fd976
340,FALSE,Mr.,Raja,D.,Venugopal,,Nearby Cycle Shop,adventure-works\jae0,raja0@adventure-works.com,1 (11) 500 555-0195,lx5a4+AFGzH6mzjz6hpiR9scxbYGX8OcqFpv/cI6yFs=,hSwmBWk=,191fe023-2354-4fbb-88d7-b57adc3428d8
343,FALSE,Ms.,Patricia,M.,Vasquez,,Mail-Order Outlet,adventure-works\pamela0,patricia2@adventure-works.com,490-555-0132,v0bxLRLRKYxwN8fiORyJkpXaYZpCRhgfNNkwQnylFrE=,WTZFkow=,dae8ef10-88da-4f94-b6a7-a9745f250db2
344,FALSE,Ms.,Karren,K.,Burkhardt,,Fifth Bike Store,adventure-works\david8,karren0@adventure-works.com,652-555-0132,ho3bUU87fZAlity/45XvFPVE/DgEaLKvI+ZW1e56rnA=,x1JqF8M=,aa3b69df-40cf-45b8-9250-f69ef6db1c15
345,FALSE,Ms.,Abigail,J.,Gonzalez,,Genial Bike Associates,adventure-works\jillian0,abigail0@adventure-works.com,121-555-0139,h5QUx4zv/ilF+lJ6Pgsyd5OP92KaOJDXklOB6qbWskk=,kAdG4pM=,131056ab-e899-43bf-91e6-d92f44456655
346,FALSE,Mr.,Ranjit,Rudra,Varkey Chudukatil,,Great Bicycle Supply,adventure-works\jillian0,ranjit1@adventure-works.com,810-555-0160,VTpXtJAiSxeJraHh5mkwwAsGYMllZYzsOBpb2cu8rrQ=,FNe76Vk=,b3e143fd-f617-401e-aad9-c50bc280ed18
347,FALSE,Ms.,Ingrid,K.,Burkhardt,,Bike Universe,adventure-works\shu0,ingrid0@adventure-works.com,857-555-0187,cvCHW2+xxa0C0SWtoYyn83PAIn6qI39SbK+kOK+gUGI=,6QL/f9s=,2de20d49-86f7-40c0-950d-12c93ea94b35
348,FALSE,Mr.,Oscar,L.,Alpuerto,,Bold Bike Accessories,adventure-works\linda3,oscar0@adventure-works.com,855-555-0174,P1Osji8Ez9uYQCzuZXjnutazXvhAlWDRLjCcTcJb/Ug=,CGYtmQ4=,ba20e529-555e-4d2c-83f0-dcba833230af
349,FALSE,Mr.,Gary,T,Vargas,,Exercise Center,adventure-works\shu0,gary6@adventure-works.com,112-555-0176,WH8bTbYkazE9T0ktiZYIAYDdJXsvjr2zbLiT3gxR6zk=,Zkv5OCw=,b23474bf-01cc-4a5e-902c-d6a4eb5ed777
352,FALSE,Mr.,Shane,S.,Kim,,Twelfth Bike Store,adventure-works\josé1,shane2@adventure-works.com,155-555-0149,XRbPUzkzKesTrEzvftw5uMTagaFkYgTZJJlBScNp0hc=,4YXPsTU=,5617d4f8-c3a1-4408-8895-ae3f7e0efa05
353,FALSE,Ms.,Joan,M.,Campbell,,Two-Wheeled Transit Company,adventure-works\josé1,joan0@adventure-works.com,700-555-0155,hKb4COq5+4SAW8APMfmPmILk4cdhwtpjpD7Yx8xcx9U=,eVaIdvY=,3b2e5c36-0827-4a31-b112-f347ad588822
354,FALSE,Mr.,Maxwell,J.,Amland,,Serious Cycles,adventure-works\garrett1,maxwell0@adventure-works.com,614-555-0134,8/5CuOyL4qEu4tD2KEd4x1h5OahPfcmZg9L7+F0ATDI=,qoGU2YA=,b65dfd89-49c5-4530-b819-b6e84f3531a6
358,FALSE,Mr.,Joe,,Kim,,Mail Market,adventure-works\jae0,joe1@adventure-works.com,1 (11) 500 555-0144,/1zuZO01NBBN+zaoVVHAp+srLdfFp0nBmPrSBGPulOc=,jMsXQbs=,3ed88e2f-3f29-4e30-93d4-ce38474ded23
360,FALSE,Ms.,Ramona,J.,Antrim,,Novelty Bikes,adventure-works\michael9,ramona0@adventure-works.com,327-555-0148,CkSWR0RMQArXpZJnpZgCnzSPuw3PUh/1jTmWPcrjYyM=,7xa5oqo=,8be04d7d-1192-4a27-aca3-926e5f530abb
361,FALSE,Ms.,Karan,,Khanna,,Fitness Supplies,adventure-works\pamela0,karan1@adventure-works.com,390-555-0150,KQnTVrF88pDtzAwfV+7dDpsvf4FFaBRltsryZggImmI=,jZhDom8=,6f69f454-5199-4b15-b370-d926f8ed104c
362,FALSE,Ms.,Sharon,A.,Crow,,Grand Cycle Store,adventure-works\david8,sharon1@adventure-works.com,889-555-0176,u9lXZ1SCNDVCKj0H19LBkxxmWQr7JPXmZP2LU5LZIec=,xUz/uts=,d9b640a6-0988-4548-8231-69ca927d49ab
363,FALSE,Mr.,Chris,,Ashton,,Immense Manufacturing Company,adventure-works\jillian0,chris3@adventure-works.com,556-555-0145,wGKQ72A4aSsDe2tQKUY1T1o0i/AO69PqKcMSFIponoQ=,3VRtZxg=,3543b21b-0dfa-40de-998e-a9c3f2fcda98
364,FALSE,Mr.,Imtiaz,,Khan,,District Mall,adventure-works\jillian0,imtiaz0@adventure-works.com,249-555-0179,NiUsCVv2EYAYfE2mK4VPPDgV7BXgOR4eQ4yVOvsOG1A=,Cdwoi3o=,9d91f4ed-58b5-4a59-9894-8fd17ebdfc9b
365,FALSE,Mr.,Jack,,Creasey,,Distinctive Store,adventure-works\shu0,jack2@adventure-works.com,539-555-0182,ao0Wb4hq67DVVcZYX2vO/mOgiZoTtJMBJzi4/wt8mrE=,7wlaV4Y=,ab87b283-4b2b-48ad-9d10-6b9f2d4d0baa
366,FALSE,Ms.,Teresa,,Atkinson,,Extended Bike Sales,adventure-works\linda3,teresa0@adventure-works.com,129-555-0110,t+VbX7JvYz3GISo+HPpubYQr00RQKJLNqOx1dQdMKCc=,bwG1Wck=,76da51e9-d61b-488c-a4e7-c7b87fda2917
367,FALSE,Ms.,Tammy,J.,Khan,,Brown Bicycle Company,adventure-works\shu0,tammy0@adventure-works.com,145-555-0166,NTtGPrBoJXekEg2D/ryHHVYGX/fuL0VeSrhQjzykBiQ=,3D0YsUM=,a65d6b08-0b08-453c-b244-cb324a3dfc0c
370,FALSE,Ms.,Elizabeth,,Keyser,,Acceptable Sales & Service,adventure-works\josé1,elizabeth2@adventure-works.com,656-555-0173,gD2lOrxAy3p4xvTGUYnECk5ROZd03OslvHCY+XDxQwI=,/P0XMaQ=,7059e0f6-846d-4a52-8a97-0734cd064892
371,FALSE,Mr.,Bruno,,Costa Da Silva,,Custom Sales and Service,adventure-works\josé1,bruno0@adventure-works.com,140-555-0143,iaQDSUY3hGgPoKQBMqMHb4jSlVLSNnjgd2j2jsX9rJs=,MY+7QbE=,05cf6683-bc27-4062-a60d-995706bbfab5
372,FALSE,Ms.,Katherine,K.,Swan,,Top Bike Market,adventure-works\garrett1,katherine1@adventure-works.com,421-555-0192,KP0aM3OevdwcZrEJTRWtCuCiSKfiPhktKN5FqHTnYhM=,yv8Jhf8=,f377f21a-9a29-49af-9158-4e3fa8586ff7
376,FALSE,Ms.,Mary,R.,Kesslep,,Commerce Bicycle Specialists,adventure-works\jae0,mary8@adventure-works.com,1 (11) 500 555-0146,7OO7XsLMZcOhwoxw8KRfz/SjxQ3qCIVQqjRMtpyV/EY=,J1cVbE8=,d733948f-db34-47ff-a618-06123a32e515
377,FALSE,Mr.,Marlin,M.,Coriell,,Grand Sport Boutique,adventure-works\michael9,marlin0@adventure-works.com,941-555-0155,mWVOfXPZkIFZzQA0Ilekhl49LfhS31vdOtYEmBKSIkk=,FSkdXTM=,f728ab05-7868-493d-beba-f4e7dfafff31
379,FALSE,Mr.,Kevin,,Kennedy,,Fad Outlet,adventure-works\pamela0,kevin4@adventure-works.com,275-555-0179,FI+QpFgzPmmfZMk6bavb0AtoPMvD4CZ/+wGuwYgso3g=,B+59kWs=,083c2d9f-7cbb-4cd4-9bbf-30e80c376ee5
380,FALSE,Ms.,Eva,,Corets,,First Department Stores,adventure-works\david8,eva0@adventure-works.com,542-555-0164,vcqabvDo1Fnle8WElVwwEwNwCGZKfSJvDCUVyps/SuQ=,gF7bPbY=,5e469335-acdd-41c8-89fe-0856ed944340
381,FALSE,Ms.,Julie,,Taft-Rider,,Bicycle Lines Distributors,adventure-works\jillian0,julie1@adventure-works.com,145-555-0194,BQF73YAE2cFDpeWDP0v7uA0/ZGhGgw1xxiMQqe74r7I=,6ZebGOE=,5aa5c79e-3c99-4fd2-87e7-b0e67603d5ab
382,FALSE,Mr.,Robert,,Kelly,,Beneficial Exercises and Activities,adventure-works\jillian0,robert7@adventure-works.com,510-555-0123,JM8Jl1msELWEL8AlgkQ/cej3rlO0TFq13PfmQ/bHakM=,OLqP9tg=,7ee0371d-cefe-4a15-9347-34c232d82ab0
383,FALSE,Mr.,Scott,,Cooper,,Vehicle Shop,adventure-works\shu0,scott2@adventure-works.com,773-555-0182,BEePqLIHwU7zsFCJQcHQ8OGm8nkvUlj8YPFAT/teYOc=,+v0uddA=,94da916c-8e0d-405c-ad3c-cfe9c1db699a
384,FALSE,Mr.,Clarence,R.,Tatman,,Sparkling Paint and Finishes,adventure-works\linda3,clarence0@adventure-works.com,787-555-0128,266JCMNzG3Y2YOZOElwlwmjuO9HTi1S0zbkD7zdQ03g=,kCUx/bc=,7bc25c4c-f0e3-4471-8d8b-e0595061af6a
385,FALSE,Mr.,John,,Kelly,,Sturdy Toys,adventure-works\shu0,john22@adventure-works.com,330-555-0116,tYV64ygQjda9WaWGc8CfVwqOiTHscX15aCHq9OPvjkw=,a2bt7rI=,6ede3be1-137d-4984-9ecb-eb871ae9059d
388,FALSE,Mr.,Victor,A.,Kelley,,Road Way Sales and Rental,adventure-works\josé1,victor0@adventure-works.com,112-555-0195,Mm7GafEB1oHJXept9uxIAGnsc2jKRzr0UgDRANPqAsI=,j/3FTKs=,c0c5ee7e-dd39-401d-9bf5-7ec01d57e57f
389,FALSE,Ms.,Dorothy,J.,Contreras,,Sixth Bike Store,adventure-works\josé1,dorothy0@adventure-works.com,428-555-0176,NEJS/vq9oswLdLNa4VH0fbwb+fgxDYIHg2hPP1fn7t4=,lnEeim8=,0fc568b5-2a6b-4c9d-87bc-9b8c6313c9da
390,FALSE,Mr.,Mike,M.,Taylor,,Plastic Parts Company,adventure-works\garrett1,mike6@adventure-works.com,204-555-0189,3/sdWTV1ScxayLuSf0nc6Wbyci2VcabsIBhV/KlQyZ0=,abgBRtE=,d6ab0687-0db2-460b-a4d2-34aad4ec9f3d
394,FALSE,Ms.,Bonnie,,Kearney,,Little Sports Center,adventure-works\jae0,bonnie1@adventure-works.com,1 (11) 500 555-0116,UUjDa8Zdc4Zz63sgzUXpnW3zOJwJZoBuQjoNvF2FVs0=,SNjG3l0=,f53f2ca8-f244-46b8-a64f-a09f657db9dc
395,FALSE,Ms.,June,B.,Brunner,,Online Bike Sellers,adventure-works\michael9,june0@adventure-works.com,249-555-0172,V74x3qYKzA71fWSI3y7gFD552b65vQ+acGzI6wdBsQ4=,hY2Xf6o=,8da056fc-494f-4fe1-8397-0b0736603201
397,FALSE,Mr.,Sandeep,,Katyal,,Capable Sales and Service,adventure-works\pamela0,sandeep2@adventure-works.com,928-555-0117,EAI1ECvxzm9o9MbS8sPVK9QqTkerK/+KO5Wt6escxwY=,7xO2UQE=,b711f333-3277-4885-ab55-5790cf41f27d
398,FALSE,Ms.,Shirley,R.,Bruner,,Commendable Bikes,adventure-works\david8,shirley0@adventure-works.com,383-555-0155,haGTwCpR1pahJRX/490ASvk+bkWOZv828Z8Krd0XO50=,Jmtgb40=,e47537dd-645f-458c-a410-a520d38dd7b9
399,FALSE,Mr.,Chad,J.,Tedford,,Big Cycle Mall,adventure-works\jillian0,chad1@adventure-works.com,588-555-0128,SnOacRNEqi3s4ywOGFR5MLNghukZ/0bEg9u6LbvzOOE=,+apUSQU=,bc98b78e-3068-475a-8ead-fba537dde9b9
400,FALSE,Mr.,Peter,,Houston,,Local Sales and Rental,adventure-works\jillian0,peter3@adventure-works.com,632-555-0171,NmON5fxy8YJbaxIrc6lSHicKQ9t/hBGfB1lwcWOr+xc=,Q5WaAeA=,40984282-13f9-4b14-90b3-e7a17180195d
401,FALSE,Mr.,Tom,H,Johnston,,Brightwork Company,adventure-works\shu0,tom1@adventure-works.com,883-555-0177,WonAzK7XRDoFn66D6qVMzma60dA96LHtk2lz7a28mI4=,0lp7vWg=,cc76f684-79ad-4a66-a30e-1b7fb5c917c5
402,FALSE,Ms.,Marian,M.,Berch,,Pro Sporting Goods,adventure-works\linda3,marian0@adventure-works.com,640-555-0198,xvClDu5JJr01TcnxmN1vuMKxvRmlPKIxxZHZVEPs8bk=,5qLSJhI=,48941caa-5b39-497e-ad56-efd9172d372e
403,FALSE,Ms.,Juanita,J.,Holman,,Affordable Sports Equipment,adventure-works\shu0,juanita0@adventure-works.com,996-555-0196,aJNRDB5SUe0Z3cvfmFqrv/H8fOL9ZoIJhk2iqtM/244=,RvrCF5g=,0484601b-6a04-41bf-9554-3eb22d5b4dc1
406,FALSE,Mr.,Eddie,M.,Holmes,,The Commissary,adventure-works\josé1,eddie0@adventure-works.com,570-555-0199,ClF4Z2L4qQo1wgDJduU5/gxrvxuwBxlzP75SHI50bGM=,S111y4k=,04c17472-c4da-40b1-82fa-b08d3828b863
407,FALSE,Mr.,Robert,A.,Avalos,,Workout Emporium,adventure-works\josé1,robert2@adventure-works.com,665-555-0198,V09BZHvbhAXD4fluXDexe9/89mGNsFPrGa/5NMiJBRU=,3lDpoDs=,5a2338d1-158f-4386-8c30-eff2bf990669
408,FALSE,Mr.,Alexander,J.,Berger,II,Odometers and Accessories Company,adventure-works\garrett1,alexander0@adventure-works.com,519-555-0151,xGCe2CsXuZvX8e6v4sTb/+XoU+4gWDQEnJADwhDsrhg=,ns1gQU4=,a845d318-d6c0-4e69-b509-83686bd409a6
412,FALSE,Ms.,Jean,J.,Holloway,,Leisure Clearing House,adventure-works\jae0,jean2@adventure-works.com,1 (11) 500 555-0181,Hx2n4MFm10Hr0PL/j104QJK1WuHogx9N0H2U16PqpeM=,v8LsuAE=,bd823ab5-6077-41d3-86c7-7bfa90602024
415,FALSE,Mr.,Greg,,Chapman,,Imaginary Toys,adventure-works\pamela0,greg1@adventure-works.com,708-555-0169,O4klT8SXfYnT7o3qMpvaJ2lqs00qG6/UsfyahQihxFU=,Ze2j4rQ=,01289f01-9785-4dea-a896-92592f1f90b2
416,FALSE,Ms.,Angela,,Barbariol,,Impromptu Trips,adventure-works\david8,angela1@adventure-works.com,134-555-0182,dT+8gAkuDqXAvfiIcTsiHoTPkfgs4bJuTILNGQjjc0g=,aKMOOAA=,6b7ff7e6-4028-491e-ac2a-dfbb6278ca57
417,FALSE,Ms.,Ruth,A.,Choin,,Genuine Bike Shop,adventure-works\jillian0,ruth1@adventure-works.com,273-555-0181,ZJ2widMDceVmN30pfgwzpo2Z53AGVrr2LIlFccG4KEc=,BuagBic=,b8b12910-9ce7-4e71-902c-cf267a30fd3b
418,FALSE,Mr.,Lee,J.,Chapla,,Good Bike Shop,adventure-works\jillian0,lee0@adventure-works.com,223-555-0184,yRB9ce1nhQby11wW4ZjaqdAHLcagnHeelEySfrDOivk=,af0s25U=,c6a84bc4-4131-4f49-9865-1f05530318cd
419,FALSE,Mr.,Darrell,M.,Banks,,Exertion Activities Club,adventure-works\shu0,darrell0@adventure-works.com,816-555-0118,GVYXCGfsj47VsZUEhhRmXnl3+57f28vVF3wGHfli7oU=,p9JC+Qs=,8fe888a7-82d6-4a5a-a7f4-4e69b9d62838
420,FALSE,Mr.,Anthony,,Chor,,Extreme Riding Supplies,adventure-works\linda3,anthony0@adventure-works.com,429-555-0145,8C7859RNaDWPJkDaaxgaJaZPSf7ikFyFa//RYOz0aPo=,tAAs8Fk=,e4e565bb-00ff-494a-b31f-4bfe14ec2950
421,FALSE,Mr.,Forrest,J.,Chandler,,Fitness Cycling,adventure-works\shu0,forrest0@adventure-works.com,448-555-0179,QHqQuKTbipj1cJzbCkCMH+zQGE09jtToYi9uy0cv77E=,KOGA0IE=,b70d3cf0-b999-46e6-a004-e551c302ef24
424,FALSE,Mr.,Eli,,Bowen,,Bikes for Two,adventure-works\josé1,eli0@adventure-works.com,371-555-0143,lQBr+SJMfQdHmj/GHgx+x1PKMKtwLGbiInwVTo+4Qfo=,7P8PxcQ=,1907f0a4-bffe-4a3b-bec8-76d0aecb2d30
425,FALSE,Mr.,Stephen,Yuan,Jiang,,Bikes for Kids and Adults,adventure-works\josé1,stephen3@adventure-works.com,910-555-0116,SqD2biQr39fo9zJnjNrYH0b9Ww+jQyq4h+t6vSz0/4M=,8fDglPw=,b1508150-5c6b-436b-8ff4-41171e6cd517
426,FALSE,Mr.,Dirk,J.,Bruno,,Custom Accessories Company,adventure-works\garrett1,dirk0@adventure-works.com,817-555-0114,XaEqG3bH0NhFTn8IBCk4SidcF444Tnvqqr5UjGUiN7E=,DblcZuo=,76ecb325-f500-4d90-a4fd-f2a2f8971379
430,FALSE,Sr.,Gustavo,,Camargo,,Uttermost Bike Shop,adventure-works\jae0,gustavo1@adventure-works.com,1 (11) 500 555-0118,+hCthjbuE+VctSZXuurfmfusjXPrneMHQFQLVjTsnuE=,fS7eEaQ=,d18dfa60-7d7e-4900-a0b6-78df78e4deef
431,FALSE,Mr.,Douglas,A.,Baldwin,Jr.,Small Cycle Store,adventure-works\michael9,douglas1@adventure-works.com,583-555-0130,9lHdXDAUHUKcA9bEprsps9C8mGNyVVPQ36yJe1BxrWw=,TmbNGeI=,730af72e-62cc-43c0-b790-975fb1f2df0d
433,FALSE,Ms.,Lindsey,R.,Camacho,,Thorough Parts and Repair Services,adventure-works\pamela0,lindsey0@adventure-works.com,827-555-0143,6puEloqDRSg8AhINyUQ7qORZUS5CON8jUaFikiprWVo=,bhH3VWU=,eb0b1054-ff23-4e35-bcfc-10b84b47ea47
434,FALSE,Mr.,James,B.,Bailey,Jr.,Road-Way Mart,adventure-works\david8,james3@adventure-works.com,234-555-0112,ZRFnYyY0jR0KxF7thOVIbZAFk+RsH+WO0kvZDRTup2Y=,4TnK5Fo=,0a748427-ccaf-4e93-9551-8f06b976dcad
435,FALSE,Ms.,Carol,B.,Elliott,,Satin Finish Company,adventure-works\jillian0,carol2@adventure-works.com,847-555-0151,TIOaZdFb/aFk03gncvEijaflLdTkxJfJnFJXXZdBDds=,PavVqD4=,7624b525-f236-4771-8d0b-ffc8ef75afa7
436,FALSE,Ms.,Barbara,J.,Calone,,Sheet Metal Manufacturing,adventure-works\jillian0,barbara2@adventure-works.com,145-555-0152,W+klFtJ6V2H2UQK1pJdYy2MEbai2eYSHD0QGx02rFw8=,8iuXJ0k=,506dd7e7-e6d0-49e7-addc-5cd6c811dd35
437,FALSE,Ms.,Megan,E.,Burke,,Professional Cycle Store,adventure-works\shu0,megan0@adventure-works.com,148-555-0149,/96oQfFuq06DWi8P5TZqIU/tF2E/GKRMliIjGRWKRDE=,9P3dKrM=,7ee44449-7164-4637-96fe-264004dd31a0
438,FALSE,Mr.,Cory,K.,Booth,,Remarkable Bike Store,adventure-works\linda3,cory0@adventure-works.com,121-555-0157,OfvFj11NFlpVFhEacTp7Nw+8EqwxHKIv9aJ+2ZgcUMI=,XaJdIYM=,3f98f477-0db0-44d4-9155-15243b8fd480
439,FALSE,Ms.,Shannon,P.,Elliott,,Regional Manufacturing,adventure-works\shu0,shannon0@adventure-works.com,425-555-0158,GgQkc8evqVQZvWwqG9L+QxrK0lzeuCIX4JIe535eQ8Y=,2HvuG3I=,2b10bd49-1d5c-4e73-a492-95ae4c03c312
442,FALSE,Ms.,Jauna,E.,Elson,,Original Bicycle Supply Company,adventure-works\josé1,jauna0@adventure-works.com,185-555-0190,CkyI2hpILZNVv06ClZJ5hmNstcWHJxU+3sqIAEO7AbM=,bsrg3KE=,f41036bb-c3ba-4935-9f16-10dec1a55c33
443,FALSE,Sra.,Janaina Barreiro Gambaro,,Bueno,,Courteous Bicycle Specialists,adventure-works\josé1,janainabarreirogambaro0@adventure-works.com,476-555-0184,VC5UG8CPRifGAgItWSWIpplMzshRj9HJwWt6KBvEFk0=,aNoO9K0=,133ce995-d294-47ee-94cb-468e147214d4
444,FALSE,Mr.,Shaun,,Beasley,,Finer Cycle Shop,adventure-works\garrett1,shaun0@adventure-works.com,396-555-0187,zrx5RFbPSu5mxzlRdxbDIH2wSdDS9S9OvSavFh1QHUA=,XjtM78E=,a83d6923-a2df-4c6f-9d39-af9de01320dc
448,FALSE,Mr.,Terry,,Eminhizer,,Action Bicycle Specialists,adventure-works\jae0,terry1@adventure-works.com,1 (11) 500 555-0176,y8RaWYkfTrcpFEipLXAyKC2pL8AJgQhpW2mOmZ8sqF4=,vx5Ko/Q=,722aee8f-6b89-4712-bb35-6861af3065cd
451,FALSE,Mr.,John,,Emory,,Roadway Bike Emporium,adventure-works\pamela0,john16@adventure-works.com,691-555-0149,EXyX+Acbgfz6Y4iZ9KNW4TsmchGMdgjtJqmn+Xu2Mws=,/4/gh8A=,d5ae552e-fafd-49ab-ac05-014484ca1139
452,FALSE,Ms.,Olga,J.,Trau,,A Cycle Shop,adventure-works\david8,olga0@adventure-works.com,398-555-0167,PqP7JYEV7uwp4lhZS0eq3xGVazdcCgdpMFK082MmyiE=,4blcnbQ=,a0328adc-2dbd-47ae-9648-cbaf845ebf74
453,FALSE,Mr.,Jon,,Ganio,,Unique Bikes,adventure-works\jillian0,jon0@adventure-works.com,672-555-0112,bWjEPINRmvLEbxP7M/s7AJTqpJenlAkq34rNVCEXqpc=,+Yo0P+0=,e165218f-456f-4d59-bf10-accf3911ae3c
454,FALSE,Ms.,Gail,,Erickson,,Sleek Bikes ,adventure-works\jillian0,gail1@adventure-works.com,834-555-0132,yV4p9H28cp19QO/bcSjLxZFYAs22W5SR9HnmTXUEWkM=,qUowBt4=,d0cc43e1-cf3e-47ea-87f7-2b64c899c56d
455,FALSE,Mr.,James,R.,Tran,,Timely Shipping Service,adventure-works\shu0,james15@adventure-works.com,740-555-0159,a+hmmVFjNsedclcbOwkz48GUza0wrQc51JPBj3JdaBM=,X1REDgI=,b4200f93-711c-438e-975d-fcca43632d20
456,FALSE,Mr.,Michael,,Galos,,Riding Excursions,adventure-works\linda3,michael15@adventure-works.com,912-555-0149,Wwwn13Huxc1/wSvPmlYH5pXoqz1XUDSzAdavDQcyTKk=,x+UpoXE=,71fce014-2bd7-4072-a163-b67cf0217325
457,FALSE,Mr.,Mark,B,Erickson,,Retail Sporting Equipment,adventure-works\shu0,mark2@adventure-works.com,962-555-0112,pDvvWVr112kWGzoRmRsd4CgPPnyLtAEQGoYHe7Q65PM=,zYqZHNo=,2e58399c-f9b5-406a-a91a-2d7416e697e4
460,FALSE,Ms.,Martha,R.,Espinoza,,Price-Cutter Discount Bikes,adventure-works\josé1,martha0@adventure-works.com,753-555-0179,pGBoWobCmo+yyzVgDnZL5z3fgTKLorCbJuofCkwniGs=,ZFXGiMU=,e7069c91-9479-4cc0-be91-991aa1447af6
461,FALSE,Mr.,Glenn,J.,Track,II,Active Life Toys,adventure-works\josé1,glenn0@adventure-works.com,907-555-0170,ZLp7yG5TYPKeQ7F+bE+OAdM4Z6HzU3EWjyk8211nuP8=,Vuzh1IE=,25ee1c59-aa4a-44e6-ad18-70f2b8fde302
462,FALSE,Mr.,Bob,,Gage,,General Riding Supplies,adventure-works\garrett1,bob1@adventure-works.com,962-555-0175,SeCchhGjoFaNiCwjURJ30XSE9lKCbSxUL9tDtRrg1FU=,hZbeVTs=,5c085e79-91ee-4855-92c2-ba36cd6980e0
466,FALSE,Sra.,Janeth,,Esteves,,Central Bicycle Specialists,adventure-works\jae0,janeth1@adventure-works.com,1 (11) 500 555-0136,X1Y5qQtF/cCa0JcWV87/0KfmpSje5R9/RdWM+fyB7Go=,+iF/Sqs=,94b95997-fd84-4632-bb16-6f21fe706051
468,FALSE,Mr.,Paul,J.,Fulton,,Blue Bicycle Company,adventure-works\michael9,paul3@adventure-works.com,492-555-0146,kdhlX1CwoRb+G+IbaNr94q5wH+aDau5he+dsV5sbuXw=,HfBhcWQ=,ed1ff0e0-836d-42b3-a9dc-f8faaf32adba